Provider,ZIP Code,Lot Number,Doses Shipped,Statistical Number of Adverse Reaction Reports,"Statistical Number of Adverse Reaction Reports (per 100,000)"
A NEW DAY COMMUNITY HEALTH CENTER,89130,EW0183,2340.0,1.1,79
ALLEGIANT HOME HEALTH,89148,FK9896,300.0,0.07,7
ALLEGIANT HOME HEALTH,89148,FL0007,100.0,0.01,1
AP MEDICALGROUP,89119,EW0187,1170.0,0.58,38
CENTENNIAL HILLS HOSPITAL,89149,EL1283,975.0,1.9,84
CENTENNIAL PEDS,89149,FA6780,450.0,0.22,15
CENTENNIAL PEDS,89149,FK5127,600.0,0.17,6
CENTENNIAL PEDS,89149,FK9895,300.0,0.09,7
CENTENNIAL PEDS,89149,FL8094,800.0,0.19,15
CLINICA MEDICA DEL PUEBLO #2,89110,FL8095,100.0,0.02,2
CONSONUS PHARMACY SERVICES LLC,89149,EK5730,975.0,4.07,111
CONSONUS PHARMACY SERVICES LLC,89149,EL3302,975.0,1.25,90
COSTCO PHARMACY # 685,89144,FC3184,450.0,0.24,14
COSTCO PHARMACY # 685,89144,FF2593,1170.0,0.43,35
COSTCO PHARMACY # 685,89144,FK9729,300.0,0.1,8
COSTCO PHARMACY # 685,89144,FK9895,300.0,0.09,7
COSTCO PHARMACY # 685,89144,FM9992,300.0,0.1,10
COSTCO PHARMACY # 685,89144,FP4554,300.0,0.13,19
COSTCO PHARMACY # 737,89131,30155BA,1170.0,0.38,37
COSTCO PHARMACY # 737,89131,33030BD,1170.0,0.14,34
COSTCO PHARMACY # 737,89131,FA6780,450.0,0.22,15
COSTCO PHARMACY # 737,89131,FA7484,450.0,0.22,21
COSTCO PHARMACY # 737,89131,FA7485,900.0,0.38,30
COSTCO PHARMACY # 737,89131,FC3183,450.0,0.22,14
COSTCO PHARMACY # 737,89131,FJ1620,1170.0,0.33,36
COSTCO PHARMACY # 737,89131,FK9895,300.0,0.09,7
COSTCO PHARMACY # 737,89131,FL3209,1170.0,0.23,42
COSTCO PHARMACY # 737,89131,FM0698,300.0,0.11,8
COSTCO PHARMACY # 737,89131,FM9992,300.0,0.1,10
CVS STORE #01507,89122,33036BD,1170.0,0.16,46
CVS STORE #01507,89122,ER8737,1170.0,0.77,38
CVS STORE #01507,89122,EW0167,1170.0,0.66,38
CVS STORE #01507,89122,EW0170,1170.0,0.61,40
CVS STORE #01507,89122,FH8030,1170.0,0.35,39
CVS STORE #01507,89122,FK5127,600.0,0.17,6
CVS STORE #01507,89122,FK9894,300.0,0.1,7
CVS STORE #01507,89122,FL8094,700.0,0.17,13
CVS STORE #01507,89122,FL8095,200.0,0.05,4
CVS STORE #01507,89122,FM9992,300.0,0.1,10
CVS STORE #01507,89122,FP4554,300.0,0.13,19
CVS STORE #02928,89119,FK5127,600.0,0.17,6
CVS STORE #02928,89119,FK9893,300.0,0.08,8
CVS STORE #02928,89119,FK9894,300.0,0.1,7
CVS STORE #02928,89119,FL0007,400.0,0.06,3
CVS STORE #02928,89119,FL8094,400.0,0.1,7
CVS STORE #02928,89119,FL8095,200.0,0.05,4
CVS STORE #02929,89129,FK5127,300.0,0.09,3
CVS STORE #02929,89129,FK5618,300.0,0.08,3
CVS STORE #02929,89129,FK9729,300.0,0.1,8
CVS STORE #02929,89129,FK9895,300.0,0.09,7
CVS STORE #02929,89129,FL0007,100.0,0.01,1
CVS STORE #02929,89129,FL8094,700.0,0.17,13
CVS STORE #02929,89129,FP4554,300.0,0.13,19
CVS STORE #02930,89121,30130BA,1170.0,0.17,42
CVS STORE #02930,89121,30135BA,1170.0,0.28,44
CVS STORE #02930,89121,33036BD,1170.0,0.16,46
CVS STORE #02930,89121,33130BA,1170.0,0.32,32
CVS STORE #02930,89121,EW0176,1170.0,0.58,39
CVS STORE #02930,89121,EW0178,1170.0,0.55,41
CVS STORE #02930,89121,EW0181,1170.0,0.57,39
CVS STORE #02930,89121,EW0198,1170.0,0.6,49
CVS STORE #02930,89121,FA7485,1350.0,0.57,45
CVS STORE #02930,89121,FC3181,900.0,0.37,29
CVS STORE #02930,89121,FC3182,450.0,0.16,14
CVS STORE #02930,89121,FC3184,900.0,0.47,28
CVS STORE #02930,89121,FD8448,900.0,0.35,32
CVS STORE #02930,89121,FF2589,1170.0,0.52,38
CVS STORE #02930,89121,FG3527,2340.0,0.83,71
CVS STORE #02930,89121,FH8020,1170.0,0.71,41
CVS STORE #02930,89121,FJ6369,300.0,0.1,8
CVS STORE #02930,89121,FK5127,300.0,0.09,3
CVS STORE #02930,89121,FK5618,900.0,0.23,10
CVS STORE #02930,89121,FK9895,300.0,0.09,7
CVS STORE #02930,89121,FK9896,300.0,0.07,7
CVS STORE #02930,89121,FL8094,300.0,0.07,6
CVS STORE #02930,89121,FL8095,400.0,0.1,7
CVS STORE #02930,89121,FM9992,900.0,0.29,31
CVS STORE #02990,89108,30130BA,1170.0,0.17,42
CVS STORE #02990,89108,30155BA,1170.0,0.38,37
CVS STORE #02990,89108,33130BA,1170.0,0.32,32
CVS STORE #02990,89108,EP6955,1170.0,0.88,34
CVS STORE #02990,89108,EP7534,1170.0,0.84,40
CVS STORE #02990,89108,ER8731,1170.0,0.63,37
CVS STORE #02990,89108,ER8735,1170.0,0.78,41
CVS STORE #02990,89108,ER8736,1170.0,0.62,37
CVS STORE #02990,89108,EW0151,1170.0,1.04,45
CVS STORE #02990,89108,EW0171,1170.0,0.58,33
CVS STORE #02990,89108,EW0180,2340.0,1.11,76
CVS STORE #02990,89108,EW0198,1170.0,0.6,49
CVS STORE #02990,89108,FA7484,450.0,0.22,21
CVS STORE #02990,89108,FA7485,450.0,0.19,15
CVS STORE #02990,89108,FC3180,450.0,0.19,15
CVS STORE #02990,89108,FC3181,450.0,0.19,14
CVS STORE #02990,89108,FC3182,450.0,0.16,14
CVS STORE #02990,89108,FC3184,450.0,0.24,14
CVS STORE #02990,89108,FF2587,1170.0,0.56,40
CVS STORE #02990,89108,FF2593,1170.0,0.43,35
CVS STORE #02990,89108,FH8020,1170.0,0.71,41
CVS STORE #02990,89108,FJ1614,1170.0,0.17,42
CVS STORE #02990,89108,FJ1620,1170.0,0.33,36
CVS STORE #02990,89108,FK9895,300.0,0.09,7
CVS STORE #02990,89108,FM9992,300.0,0.1,10
CVS STORE #02990,89108,FP4554,300.0,0.13,19
CVS STORE #03172,89110,30130BA,2340.0,0.35,85
CVS STORE #03172,89110,30135BA,1170.0,0.28,44
CVS STORE #03172,89110,30145BA,1170.0,0.44,42
CVS STORE #03172,89110,33130BA,1170.0,0.32,32
CVS STORE #03172,89110,EP6955,2340.0,1.75,68
CVS STORE #03172,89110,EP7533,1170.0,0.8,40
CVS STORE #03172,89110,ER8731,1170.0,0.63,37
CVS STORE #03172,89110,ER8736,1170.0,0.62,37
CVS STORE #03172,89110,EW0153,1170.0,0.79,42
CVS STORE #03172,89110,EW0172,1170.0,0.81,37
CVS STORE #03172,89110,EW0180,1170.0,0.56,38
CVS STORE #03172,89110,EW0198,1170.0,0.6,49
CVS STORE #03172,89110,EY0584,1170.0,0.94,283
CVS STORE #03172,89110,FA6780,450.0,0.22,15
CVS STORE #03172,89110,FA7485,1800.0,0.76,60
CVS STORE #03172,89110,FC3180,450.0,0.19,15
CVS STORE #03172,89110,FC3181,450.0,0.19,14
CVS STORE #03172,89110,FC3182,450.0,0.16,14
CVS STORE #03172,89110,FC3184,1350.0,0.71,42
CVS STORE #03172,89110,FD8448,1800.0,0.71,65
CVS STORE #03172,89110,FG3527,1170.0,0.41,36
CVS STORE #03172,89110,FH8030,1170.0,0.35,39
CVS STORE #03172,89110,FJ1611,1170.0,0.3,42
CVS STORE #03172,89110,FJ6369,300.0,0.1,8
CVS STORE #03172,89110,FK9729,300.0,0.1,8
CVS STORE #03172,89110,FK9894,600.0,0.2,15
CVS STORE #03172,89110,FM0698,300.0,0.11,8
CVS STORE #03172,89110,FM9992,300.0,0.1,10
CVS STORE #03210,89109,33130BA,1170.0,0.32,32
CVS STORE #03210,89109,FH8027,1170.0,0.37,39
CVS STORE #03210,89109,FJ6369,300.0,0.1,8
CVS STORE #03210,89109,FK9894,600.0,0.2,15
CVS STORE #03210,89109,FK9896,300.0,0.07,7
CVS STORE #03210,89109,FP4554,600.0,0.27,38
CVS STORE #04784,89117,30130BA,1170.0,0.17,42
CVS STORE #04784,89117,30145BA,1170.0,0.44,42
CVS STORE #04784,89117,EL1284,975.0,2.19,97
CVS STORE #04784,89117,EL3249,975.0,1.7,87
CVS STORE #04784,89117,EM9810,975.0,1.07,96
CVS STORE #04784,89117,EN5318,975.0,1.0,37
CVS STORE #04784,89117,EW0176,1170.0,0.58,39
CVS STORE #04784,89117,EW0180,2340.0,1.11,76
CVS STORE #04784,89117,EY0584,1170.0,0.94,283
CVS STORE #04784,89117,FA7484,450.0,0.22,21
CVS STORE #04784,89117,FA7485,900.0,0.38,30
CVS STORE #04784,89117,FC3181,450.0,0.19,14
CVS STORE #04784,89117,FC3182,450.0,0.16,14
CVS STORE #04784,89117,FC3184,900.0,0.47,28
CVS STORE #04784,89117,FD8448,450.0,0.18,16
CVS STORE #04784,89117,FE3594,1170.0,0.42,33
CVS STORE #04784,89117,FF2590,1170.0,0.52,36
CVS STORE #04784,89117,FH8020,1170.0,0.71,41
CVS STORE #04784,89117,FH8027,1170.0,0.37,39
CVS STORE #04784,89117,FJ1614,1170.0,0.17,42
CVS STORE #04784,89117,FJ8762,1170.0,0.35,39
CVS STORE #04784,89117,FK5127,600.0,0.17,6
CVS STORE #04784,89117,FK5618,900.0,0.23,10
CVS STORE #04784,89117,FK9729,300.0,0.1,8
CVS STORE #04784,89117,FK9895,300.0,0.09,7
CVS STORE #04784,89117,FL3197,1170.0,0.32,40
CVS STORE #04784,89117,FL8094,500.0,0.12,9
CVS STORE #04784,89117,FL8095,100.0,0.02,2
CVS STORE #04784,89117,FM9992,300.0,0.1,10
CVS STORE #04786,89109,EJ1685,975.0,3.02,126
CVS STORE #04786,89109,EN5318,975.0,1.0,37
CVS STORE #05043,89123,FH8027,1170.0,0.37,39
CVS STORE #05043,89123,FJ1611,1170.0,0.3,42
CVS STORE #05043,89123,FK5127,300.0,0.09,3
CVS STORE #05043,89123,FK5618,600.0,0.16,7
CVS STORE #05043,89123,FK9729,300.0,0.1,8
CVS STORE #05043,89123,FK9893,300.0,0.08,8
CVS STORE #05043,89123,FK9894,300.0,0.1,7
CVS STORE #05043,89123,FL8094,600.0,0.14,11
CVS STORE #05043,89123,FM9992,600.0,0.19,21
CVS STORE #05068,89148,33036BD,1170.0,0.16,46
CVS STORE #05068,89148,FK5618,600.0,0.16,7
CVS STORE #05068,89148,FK9894,300.0,0.1,7
CVS STORE #05068,89148,FK9895,300.0,0.09,7
CVS STORE #05068,89148,FL0007,500.0,0.07,4
CVS STORE #05068,89148,FL8094,500.0,0.12,9
CVS STORE #05068,89148,FL8095,100.0,0.02,2
CVS STORE #05068,89148,FP4554,300.0,0.13,19
CVS STORE #05113,89118,FJ5682,300.0,0.06,16
CVS STORE #05113,89118,FJ6369,300.0,0.1,8
CVS STORE #05113,89118,FK5127,600.0,0.17,6
CVS STORE #05113,89118,FK9894,300.0,0.1,7
CVS STORE #05113,89118,FL0007,100.0,0.01,1
CVS STORE #05113,89118,FL8094,400.0,0.1,7
CVS STORE #05113,89118,FL8095,100.0,0.02,2
CVS STORE #05113,89118,FM9992,300.0,0.1,10
CVS STORE #05792,89121,EK5730,975.0,4.07,111
CVS STORE #05792,89121,EL3249,975.0,1.7,87
CVS STORE #05792,89121,EN5318,975.0,1.0,37
CVS STORE #05792,89121,FJ6369,300.0,0.1,8
CVS STORE #05792,89121,FK9729,600.0,0.2,15
CVS STORE #05792,89121,FK9893,300.0,0.08,8
CVS STORE #05792,89121,FK9894,300.0,0.1,7
CVS STORE #05792,89121,FK9895,300.0,0.09,7
CVS STORE #05792,89121,FP4554,300.0,0.13,19
CVS STORE #05942,89113,30130BA,1170.0,0.17,42
CVS STORE #05942,89113,32030BD,1170.0,0.26,35
CVS STORE #05942,89113,33030BD,1170.0,0.14,34
CVS STORE #05942,89113,33036BD,1170.0,0.16,46
CVS STORE #05942,89113,EW0176,1170.0,0.58,39
CVS STORE #05942,89113,EW0178,1170.0,0.55,41
CVS STORE #05942,89113,EW0180,1170.0,0.56,38
CVS STORE #05942,89113,EW0196,1170.0,0.59,40
CVS STORE #05942,89113,EY0584,1170.0,0.94,283
CVS STORE #05942,89113,FA7485,1350.0,0.57,45
CVS STORE #05942,89113,FC3181,900.0,0.37,29
CVS STORE #05942,89113,FC3182,450.0,0.16,14
CVS STORE #05942,89113,FC3184,450.0,0.24,14
CVS STORE #05942,89113,FF8841,1170.0,0.7,40
CVS STORE #05942,89113,FG3527,1170.0,0.41,36
CVS STORE #05942,89113,FH8020,1170.0,0.71,41
CVS STORE #05942,89113,FJ1620,1170.0,0.33,36
CVS STORE #05942,89113,FK9893,600.0,0.16,15
CVS STORE #05942,89113,FK9894,300.0,0.1,7
CVS STORE #05942,89113,FL3197,1170.0,0.32,40
CVS STORE #05942,89113,FM0698,300.0,0.11,8
CVS STORE #05942,89113,FM9992,300.0,0.1,10
CVS STORE #05942,89113,FP4554,300.0,0.13,19
CVS STORE #06867,89169,EL1284,975.0,2.19,97
CVS STORE #06867,89169,EL8982,975.0,1.42,77
CVS STORE #06867,89169,EN5318,975.0,1.0,37
CVS STORE #06867,89169,EW0176,1170.0,0.58,39
CVS STORE #06867,89169,EW0178,1170.0,0.55,41
CVS STORE #06867,89169,EW0196,1170.0,0.59,40
CVS STORE #06867,89169,EW0198,1170.0,0.6,49
CVS STORE #06867,89169,EW0217,1170.0,0.72,41
CVS STORE #06867,89169,FK9729,300.0,0.1,8
CVS STORE #06867,89169,FK9893,300.0,0.08,8
CVS STORE #06867,89169,FM9992,300.0,0.1,10
CVS STORE #08780,89135,FJ1614,1170.0,0.17,42
CVS STORE #08780,89135,FK5127,300.0,0.09,3
CVS STORE #08780,89135,FK5618,600.0,0.16,7
CVS STORE #08780,89135,FK9893,600.0,0.16,15
CVS STORE #08780,89135,FK9895,300.0,0.09,7
CVS STORE #08780,89135,FL0007,400.0,0.06,3
CVS STORE #08780,89135,FL4211,100.0,0.04,633
CVS STORE #08780,89135,FL8094,400.0,0.1,7
CVS STORE #08782,89130,FJ1614,1170.0,0.17,42
CVS STORE #08782,89130,FK9895,300.0,0.09,7
CVS STORE #08782,89130,FP4554,300.0,0.13,19
CVS STORE #08784,89123,30135BA,1170.0,0.28,44
CVS STORE #08784,89123,30145BA,1170.0,0.44,42
CVS STORE #08784,89123,EW0176,1170.0,0.58,39
CVS STORE #08784,89123,EW0187,1170.0,0.58,38
CVS STORE #08784,89123,EY0584,1170.0,0.94,283
CVS STORE #08784,89123,FA7484,450.0,0.22,21
CVS STORE #08784,89123,FA7485,450.0,0.19,15
CVS STORE #08784,89123,FC3181,450.0,0.19,14
CVS STORE #08784,89123,FC3182,450.0,0.16,14
CVS STORE #08784,89123,FC3184,1350.0,0.71,42
CVS STORE #08784,89123,FD8448,900.0,0.35,32
CVS STORE #08784,89123,FE3590,1170.0,0.5,35
CVS STORE #08784,89123,FF2593,1170.0,0.43,35
CVS STORE #08784,89123,FH8030,1170.0,0.35,39
CVS STORE #08784,89123,FJ1611,1170.0,0.3,42
CVS STORE #08784,89123,FJ8757,1170.0,0.32,35
CVS STORE #08784,89123,FJ8762,1170.0,0.35,39
CVS STORE #08784,89123,FK5618,1200.0,0.31,13
CVS STORE #08784,89123,FK9893,300.0,0.08,8
CVS STORE #08784,89123,FK9895,300.0,0.09,7
CVS STORE #08784,89123,FL0007,200.0,0.03,2
CVS STORE #08784,89123,FL3209,1170.0,0.23,42
CVS STORE #08784,89123,FL8095,200.0,0.05,4
CVS STORE #08788,89104,30130BA,1170.0,0.17,42
CVS STORE #08788,89104,30145BA,2340.0,0.88,83
CVS STORE #08788,89104,33026BD,1170.0,0.14,121
CVS STORE #08788,89104,EP6955,1170.0,0.88,34
CVS STORE #08788,89104,ER8727,1170.0,0.9,40
CVS STORE #08788,89104,ER8734,1170.0,0.8,39
CVS STORE #08788,89104,ER8735,1170.0,0.78,41
CVS STORE #08788,89104,ER8736,1170.0,0.62,37
CVS STORE #08788,89104,EW0153,1170.0,0.79,42
CVS STORE #08788,89104,EW0161,1170.0,0.67,38
CVS STORE #08788,89104,EW0168,1170.0,0.51,40
CVS STORE #08788,89104,EW0187,1170.0,0.58,38
CVS STORE #08788,89104,EY0584,1170.0,0.94,283
CVS STORE #08788,89104,FC3181,1350.0,0.56,43
CVS STORE #08788,89104,FC3184,450.0,0.24,14
CVS STORE #08788,89104,FD8448,900.0,0.35,32
CVS STORE #08788,89104,FE3594,1170.0,0.42,33
CVS STORE #08788,89104,FF2593,1170.0,0.43,35
CVS STORE #08788,89104,FJ8762,1170.0,0.35,39
CVS STORE #08788,89104,FK5127,600.0,0.17,6
CVS STORE #08788,89104,FK5618,1200.0,0.31,13
CVS STORE #08788,89104,FK9729,300.0,0.1,8
CVS STORE #08788,89104,FK9893,600.0,0.16,15
CVS STORE #08788,89104,FK9894,300.0,0.1,7
CVS STORE #08788,89104,FL0007,400.0,0.06,3
CVS STORE #08788,89104,FL8094,200.0,0.05,4
CVS STORE #08788,89104,FL8095,400.0,0.1,7
CVS STORE #08790,89102,33030BD,1170.0,0.14,34
CVS STORE #08790,89102,FH8030,1170.0,0.35,39
CVS STORE #08790,89102,FJ5682,600.0,0.13,31
CVS STORE #08790,89102,FJ6369,600.0,0.2,15
CVS STORE #08790,89102,FM9992,300.0,0.1,10
CVS STORE #08791,89117,FJ1620,1170.0,0.33,36
CVS STORE #08791,89117,FK5127,300.0,0.09,3
CVS STORE #08791,89117,FK5618,300.0,0.08,3
CVS STORE #08791,89117,FK9893,300.0,0.08,8
CVS STORE #08791,89117,FL0007,200.0,0.03,2
CVS STORE #08791,89117,FL8094,500.0,0.12,9
CVS STORE #08791,89117,FL8095,200.0,0.05,4
CVS STORE #08791,89117,FM0698,600.0,0.21,15
CVS STORE #08794,89128,33036BD,1170.0,0.16,46
CVS STORE #08794,89128,FH8030,1170.0,0.35,39
CVS STORE #08794,89128,FK5127,300.0,0.09,3
CVS STORE #08794,89128,FK5618,600.0,0.16,7
CVS STORE #08794,89128,FK9894,300.0,0.1,7
CVS STORE #08794,89128,FK9895,300.0,0.09,7
CVS STORE #08794,89128,FL0007,200.0,0.03,2
CVS STORE #08794,89128,FL4211,100.0,0.04,633
CVS STORE #08794,89128,FL8094,200.0,0.05,4
CVS STORE #08794,89128,FL8095,200.0,0.05,4
CVS STORE #08794,89128,FM9992,300.0,0.1,10
CVS STORE #08798,89103,EJ1685,975.0,3.02,126
CVS STORE #08798,89103,EL3302,975.0,1.25,90
CVS STORE #08798,89103,EW0176,1170.0,0.58,39
CVS STORE #08798,89103,EW0180,1170.0,0.56,38
CVS STORE #08798,89103,EW0181,1170.0,0.57,39
CVS STORE #08798,89103,FJ1620,1170.0,0.33,36
CVS STORE #08798,89103,FK5127,300.0,0.09,3
CVS STORE #08798,89103,FK5618,300.0,0.08,3
CVS STORE #08798,89103,FK9895,300.0,0.09,7
CVS STORE #08798,89103,FL0007,300.0,0.04,3
CVS STORE #08798,89103,FL8094,500.0,0.12,9
CVS STORE #08798,89103,FL8095,200.0,0.05,4
CVS STORE #08798,89103,FM0698,300.0,0.11,8
CVS STORE #08798,89103,FM9992,300.0,0.1,10
CVS STORE #08800,89156,33030BD,1170.0,0.14,34
CVS STORE #08800,89156,ER8731,1170.0,0.63,37
CVS STORE #08800,89156,ER8737,1170.0,0.77,38
CVS STORE #08800,89156,EW0175,1170.0,0.64,44
CVS STORE #08800,89156,FJ5682,300.0,0.06,16
CVS STORE #08800,89156,FJ6369,300.0,0.1,8
CVS STORE #08800,89156,FK5127,300.0,0.09,3
CVS STORE #08800,89156,FK5618,300.0,0.08,3
CVS STORE #08800,89156,FK9894,300.0,0.1,7
CVS STORE #08800,89156,FL0007,300.0,0.04,3
CVS STORE #08800,89156,FL8094,400.0,0.1,7
CVS STORE #08800,89156,FL8095,200.0,0.05,4
CVS STORE #08800,89156,FP4554,300.0,0.13,19
CVS STORE #08803,89121,FJ6369,300.0,0.1,8
CVS STORE #08803,89121,FK5127,300.0,0.09,3
CVS STORE #08803,89121,FK5618,600.0,0.16,7
CVS STORE #08803,89121,FK9729,300.0,0.1,8
CVS STORE #08803,89121,FL0007,100.0,0.01,1
CVS STORE #08803,89121,FL4211,100.0,0.04,633
CVS STORE #08803,89121,FL8094,200.0,0.05,4
CVS STORE #08803,89121,FL8095,200.0,0.05,4
CVS STORE #08803,89121,FM9992,300.0,0.1,10
CVS STORE #08805,89120,FJ1620,1170.0,0.33,36
CVS STORE #08805,89120,FJ5682,300.0,0.06,16
CVS STORE #08805,89120,FJ6369,300.0,0.1,8
CVS STORE #08805,89120,FK5618,600.0,0.16,7
CVS STORE #08805,89120,FK9893,300.0,0.08,8
CVS STORE #08805,89120,FK9895,300.0,0.09,7
CVS STORE #08805,89120,FL0007,500.0,0.07,4
CVS STORE #08805,89120,FL8094,200.0,0.05,4
CVS STORE #08805,89120,FL8095,100.0,0.02,2
CVS STORE #08807,89122,EW0176,1170.0,0.58,39
CVS STORE #08807,89122,EW0191,1170.0,0.53,36
CVS STORE #08807,89122,EW0196,1170.0,0.59,40
CVS STORE #08807,89122,FJ6369,300.0,0.1,8
CVS STORE #08807,89122,FK9895,300.0,0.09,7
CVS STORE #08807,89122,FM0698,300.0,0.11,8
CVS STORE #08807,89122,FM9992,300.0,0.1,10
CVS STORE #08809,89103,FK9729,300.0,0.1,8
CVS STORE #08809,89103,FK9893,300.0,0.08,8
CVS STORE #08811,89102,EK5730,975.0,4.07,111
CVS STORE #08811,89102,EN6200,975.0,0.97,41
CVS STORE #08811,89102,EW0181,1170.0,0.57,39
CVS STORE #08811,89102,EW0187,1170.0,0.58,38
CVS STORE #08811,89102,FJ6369,300.0,0.1,8
CVS STORE #08811,89102,FK9729,300.0,0.1,8
CVS STORE #08811,89102,FK9893,300.0,0.08,8
CVS STORE #08814,89117,EW0175,1170.0,0.64,44
CVS STORE #08814,89117,FK9894,300.0,0.1,7
CVS STORE #08814,89117,FM9992,300.0,0.1,10
CVS STORE #08819,89146,30130BA,1170.0,0.17,42
CVS STORE #08819,89146,30135BA,1170.0,0.28,44
CVS STORE #08819,89146,EK5730,975.0,4.07,111
CVS STORE #08819,89146,EN5318,1950.0,1.99,74
CVS STORE #08819,89146,EW0176,1170.0,0.58,39
CVS STORE #08819,89146,EW0178,1170.0,0.55,41
CVS STORE #08819,89146,EW0196,1170.0,0.59,40
CVS STORE #08819,89146,EY0584,1170.0,0.94,283
CVS STORE #08819,89146,FA7485,1350.0,0.57,45
CVS STORE #08819,89146,FC3181,450.0,0.19,14
CVS STORE #08819,89146,FC3182,900.0,0.32,28
CVS STORE #08819,89146,FC3184,900.0,0.47,28
CVS STORE #08819,89146,FD8448,900.0,0.35,32
CVS STORE #08819,89146,FE3594,1170.0,0.42,33
CVS STORE #08819,89146,FF8841,1170.0,0.7,40
CVS STORE #08819,89146,FG3527,1170.0,0.41,36
CVS STORE #08819,89146,FJ1614,1170.0,0.17,42
CVS STORE #08819,89146,FJ8762,1170.0,0.35,39
CVS STORE #08819,89146,FK9729,300.0,0.1,8
CVS STORE #08819,89146,FK9894,300.0,0.1,7
CVS STORE #08819,89146,FK9895,600.0,0.17,15
CVS STORE #08819,89146,FL3198,1170.0,0.28,38
CVS STORE #08819,89146,FM0698,300.0,0.11,8
CVS STORE #08821,89129,FH8030,2340.0,0.7,78
CVS STORE #08821,89129,FJ1614,1170.0,0.17,42
CVS STORE #08821,89129,FJ6369,600.0,0.2,15
CVS STORE #08821,89129,FK5127,300.0,0.09,3
CVS STORE #08821,89129,FK5618,600.0,0.16,7
CVS STORE #08821,89129,FL0007,200.0,0.03,2
CVS STORE #08821,89129,FL8094,500.0,0.12,9
CVS STORE #08821,89129,FM9992,300.0,0.1,10
CVS STORE #08821,89129,FP4554,600.0,0.27,38
CVS STORE #08824,89110,33026BD,1170.0,0.14,121
CVS STORE #08824,89110,FJ6369,300.0,0.1,8
CVS STORE #08824,89110,FJ8757,1170.0,0.32,35
CVS STORE #08824,89110,FK9729,900.0,0.3,23
CVS STORE #08824,89110,FL3197,1170.0,0.32,40
CVS STORE #08824,89110,FM0698,300.0,0.11,8
CVS STORE #08824,89110,FP4554,300.0,0.13,19
CVS STORE #08827,89146,FJ5682,300.0,0.06,16
CVS STORE #08827,89146,FJ6369,600.0,0.2,15
CVS STORE #08827,89146,FK9893,300.0,0.08,8
CVS STORE #09965,89134,30135BA,1170.0,0.28,44
CVS STORE #09965,89134,30145BA,1170.0,0.44,42
CVS STORE #09965,89134,33025BD,1170.0,0.2,53
CVS STORE #09965,89134,EW0172,1170.0,0.81,37
CVS STORE #09965,89134,EW0178,1170.0,0.55,41
CVS STORE #09965,89134,EW0196,1170.0,0.59,40
CVS STORE #09965,89134,EW0198,1170.0,0.6,49
CVS STORE #09965,89134,EY0584,1170.0,0.94,283
CVS STORE #09965,89134,FC3182,450.0,0.16,14
CVS STORE #09965,89134,FC3184,1350.0,0.71,42
CVS STORE #09965,89134,FD8448,450.0,0.18,16
CVS STORE #09965,89134,FE3590,1170.0,0.5,35
CVS STORE #09965,89134,FH8020,1170.0,0.71,41
CVS STORE #09965,89134,FH8028,1170.0,0.43,40
CVS STORE #09965,89134,FH8030,1170.0,0.35,39
CVS STORE #09965,89134,FJ5682,300.0,0.06,16
CVS STORE #09965,89134,FJ6369,300.0,0.1,8
CVS STORE #09965,89134,FK5618,800.0,0.21,9
CVS STORE #09965,89134,FK9894,300.0,0.1,7
CVS STORE #09965,89134,FL0007,200.0,0.03,2
CVS STORE #09965,89134,FL8094,300.0,0.07,6
CVS STORE #09965,89134,FL8095,100.0,0.02,2
CVS STORE #09965,89134,FM9992,600.0,0.19,21
CVS STORE #09967,89134,EW0176,1170.0,0.58,39
CVS STORE #09967,89134,FJ1614,1170.0,0.17,42
CVS STORE #09967,89134,FK5127,300.0,0.09,3
CVS STORE #09967,89134,FK5618,400.0,0.1,4
CVS STORE #09967,89134,FK9895,300.0,0.09,7
CVS STORE #09967,89134,FL0007,500.0,0.07,4
CVS STORE #09967,89134,FL4211,100.0,0.04,633
CVS STORE #09967,89134,FL8094,400.0,0.1,7
CVS STORE #09967,89134,FM9992,600.0,0.19,21
CVS STORE #10348,89109,33030BD,1170.0,0.14,34
CVS STORE #10348,89109,FJ1611,2340.0,0.6,85
CVS STORE #10348,89109,FJ1614,1170.0,0.17,42
CVS STORE #10348,89109,FK9893,300.0,0.08,8
CVS STORE #10348,89109,FK9895,600.0,0.17,15
CVS STORE #10348,89109,FM9992,300.0,0.1,10
CVS STORE #16291,89103,FK9895,300.0,0.09,7
CVS STORE #16291,89103,FM9992,300.0,0.1,10
CVS STORE #16531,89183,30130BA,1170.0,0.17,42
CVS STORE #16531,89183,30155BA,1170.0,0.38,37
CVS STORE #16531,89183,33036BD,1170.0,0.16,46
CVS STORE #16531,89183,33130BA,1170.0,0.32,32
CVS STORE #16531,89183,EW0176,1170.0,0.58,39
CVS STORE #16531,89183,EW0181,1170.0,0.57,39
CVS STORE #16531,89183,EW0182,1170.0,0.57,41
CVS STORE #16531,89183,EW0191,1170.0,0.53,36
CVS STORE #16531,89183,EY0584,1170.0,0.94,283
CVS STORE #16531,89183,FA7485,1350.0,0.57,45
CVS STORE #16531,89183,FC3180,450.0,0.19,15
CVS STORE #16531,89183,FC3181,450.0,0.19,14
CVS STORE #16531,89183,FC3182,900.0,0.32,28
CVS STORE #16531,89183,FC3183,450.0,0.22,14
CVS STORE #16531,89183,FD8448,450.0,0.18,16
CVS STORE #16531,89183,FF2593,1170.0,0.43,35
CVS STORE #16531,89183,FF8841,1170.0,0.7,40
CVS STORE #16531,89183,FG3527,1170.0,0.41,36
CVS STORE #16531,89183,FH8027,1170.0,0.37,39
CVS STORE #16531,89183,FJ8762,1170.0,0.35,39
CVS STORE #16531,89183,FK5127,600.0,0.17,6
CVS STORE #16531,89183,FK5618,1200.0,0.31,13
CVS STORE #16531,89183,FK9729,300.0,0.1,8
CVS STORE #16531,89183,FK9893,300.0,0.08,8
CVS STORE #16531,89183,FK9895,300.0,0.09,7
CVS STORE #16531,89183,FL8094,300.0,0.07,6
CVS STORE #16531,89183,FL8095,200.0,0.05,4
CVS STORE #16562,89117,30130BA,1170.0,0.17,42
CVS STORE #16562,89117,EW0176,1170.0,0.58,39
CVS STORE #16562,89117,EW0177,1170.0,0.56,37
CVS STORE #16562,89117,EW0182,1170.0,0.57,41
CVS STORE #16562,89117,EW0196,1170.0,0.59,40
CVS STORE #16562,89117,EW0198,1170.0,0.6,49
CVS STORE #16562,89117,FA7485,1350.0,0.57,45
CVS STORE #16562,89117,FC3181,450.0,0.19,14
CVS STORE #16562,89117,FC3183,450.0,0.22,14
CVS STORE #16562,89117,FC3184,900.0,0.47,28
CVS STORE #16562,89117,FF2589,1170.0,0.52,38
CVS STORE #16562,89117,FF2590,1170.0,0.52,36
CVS STORE #16562,89117,FH8020,2340.0,1.43,82
CVS STORE #16562,89117,FH8027,2340.0,0.75,78
CVS STORE #16562,89117,FJ1611,1170.0,0.3,42
CVS STORE #16562,89117,FJ1614,1170.0,0.17,42
CVS STORE #16562,89117,FJ8762,1170.0,0.35,39
CVS STORE #16562,89117,FK5127,600.0,0.17,6
CVS STORE #16562,89117,FK5618,900.0,0.23,10
CVS STORE #16562,89117,FK9893,300.0,0.08,8
CVS STORE #16562,89117,FK9894,300.0,0.1,7
CVS STORE #16562,89117,FL8094,200.0,0.05,4
CVS STORE #16562,89117,FL8095,400.0,0.1,7
CVS STORE #16562,89117,FM9992,300.0,0.1,10
CVS STORE #16794,89131,30130BA,2340.0,0.35,85
CVS STORE #16794,89131,EW0176,1170.0,0.58,39
CVS STORE #16794,89131,EW0187,1170.0,0.58,38
CVS STORE #16794,89131,EW0196,1170.0,0.59,40
CVS STORE #16794,89131,EW0217,1170.0,0.72,41
CVS STORE #16794,89131,FA6780,450.0,0.22,15
CVS STORE #16794,89131,FA7484,450.0,0.22,21
CVS STORE #16794,89131,FC3180,450.0,0.19,15
CVS STORE #16794,89131,FC3181,450.0,0.19,14
CVS STORE #16794,89131,FC3182,450.0,0.16,14
CVS STORE #16794,89131,FC3183,450.0,0.22,14
CVS STORE #16794,89131,FC3184,1800.0,0.95,56
CVS STORE #16794,89131,FD8448,450.0,0.18,16
CVS STORE #16794,89131,FG3527,1170.0,0.41,36
CVS STORE #16794,89131,FH8020,2340.0,1.43,82
CVS STORE #16794,89131,FH8027,1170.0,0.37,39
CVS STORE #16794,89131,FJ1611,1170.0,0.3,42
CVS STORE #16794,89131,FJ1620,1170.0,0.33,36
CVS STORE #16794,89131,FJ5682,300.0,0.06,16
CVS STORE #16794,89131,FJ6369,600.0,0.2,15
CVS STORE #16794,89131,FK5127,600.0,0.17,6
CVS STORE #16794,89131,FK5618,600.0,0.16,7
CVS STORE #16794,89131,FK9893,300.0,0.08,8
CVS STORE #16794,89131,FK9895,300.0,0.09,7
CVS STORE #16794,89131,FL0007,400.0,0.06,3
CVS STORE #16794,89131,FL8094,100.0,0.02,2
CVS STORE #16794,89131,FL8095,500.0,0.12,9
CVS STORE #16794,89131,FM0698,300.0,0.11,8
CVS STORE #16794,89131,FM9992,300.0,0.1,10
CVS STORE #16854,89147,33036BD,1170.0,0.16,46
CVS STORE #16854,89147,FK9893,300.0,0.08,8
CVS STORE #16854,89147,FK9895,300.0,0.09,7
CVS STORE #16854,89147,FM9992,300.0,0.1,10
CVS STORE #17244,89139,33025BD,1170.0,0.2,53
CVS STORE #17244,89139,EW0176,1170.0,0.58,39
CVS STORE #17244,89139,EW0182,1170.0,0.57,41
CVS STORE #17244,89139,FA6780,450.0,0.22,15
CVS STORE #17244,89139,FG3527,1170.0,0.41,36
CVS STORE #17244,89139,FK5127,300.0,0.09,3
CVS STORE #17244,89139,FK5618,600.0,0.16,7
CVS STORE #17244,89139,FK9893,300.0,0.08,8
CVS STORE #17244,89139,FK9895,300.0,0.09,7
CVS STORE #17244,89139,FK9896,300.0,0.07,7
CVS STORE #17244,89139,FL8094,600.0,0.14,11
CVS STORE #17244,89139,FL8095,200.0,0.05,4
CVS STORE #17579,89130,EW0176,1170.0,0.58,39
CVS STORE #17579,89130,EW0177,1170.0,0.56,37
CVS STORE #17579,89130,EW0178,1170.0,0.55,41
CVS STORE #17579,89130,EW0198,1170.0,0.6,49
CVS STORE #17579,89130,FA6780,450.0,0.22,15
CVS STORE #17579,89130,FH8030,1170.0,0.35,39
CVS STORE #17579,89130,FJ1614,1170.0,0.17,42
CVS STORE #17579,89130,FK5127,300.0,0.09,3
CVS STORE #17579,89130,FK5618,300.0,0.08,3
CVS STORE #17579,89130,FK9893,300.0,0.08,8
CVS STORE #17579,89130,FK9895,300.0,0.09,7
CVS STORE #17579,89130,FL0007,500.0,0.07,4
CVS STORE #17579,89130,FL8094,300.0,0.07,6
CVS STORE #17579,89130,FL8095,400.0,0.1,7
DAVITA-FIVE STAR,89128,ER8737,1170.0,0.77,38
FIRST PERSON CARE CLINIC,89104,FL0007,100.0,0.01,1
GUANAROCA MEDICAL CENTER INC,89120,FK9893,300.0,0.08,8
GUANAROCA MEDICAL CENTER INC,89120,FL8095,100.0,0.02,2
IMPACT HEALTH BIOMETRIC TESTING,89119,FA6780,450.0,0.22,15
IMPACT HEALTH BIOMETRIC TESTING,89119,FC3180,450.0,0.19,15
IMPACT HEALTH BIOMETRIC TESTING,89119,FD8448,450.0,0.18,16
KIDDIES PAL PEDIATRICS,89145,FL8094,100.0,0.02,2
KIDDIES PAL PEDIATRICS,89145,FL8095,100.0,0.02,2
KIDDIES PAL PEDIATRICS,89145,FP4554,300.0,0.13,19
KIDFIXERS PEDS,89144,FL8094,300.0,0.07,6
KIDFIXERS PEDS,89144,FL8095,100.0,0.02,2
LA CANADA PEDIATRICS,89109,FK5618,200.0,0.05,2
LA CANADA PEDIATRICS,89109,FL8094,100.0,0.02,2
LITTLE ROOTS PEDIATRICS,89148,FL0007,100.0,0.01,1
MACHUCA FAMILY MEDICINE,89104,FL8094,100.0,0.02,2
MILNE MEDICAL CENTER,89106,FA7485,450.0,0.19,15
MINUTECLINIC #20135,89109,FJ6369,300.0,0.1,8
MINUTECLINIC #20135,89109,FL0007,100.0,0.01,1
MINUTECLINIC #20135,89109,FL8094,100.0,0.02,2
MINUTECLINIC #20135,89109,FP4554,300.0,0.13,19
MINUTECLINIC #20136,89119,FJ6369,300.0,0.1,8
MINUTECLINIC #20136,89119,FK5127,300.0,0.09,3
MINUTECLINIC #20136,89119,FK9893,300.0,0.08,8
MINUTECLINIC #20136,89119,FL0007,100.0,0.01,1
MINUTECLINIC #20136,89119,FL8095,100.0,0.02,2
MINUTECLINIC #20626,89113,FJ6369,300.0,0.1,8
MINUTECLINIC #20626,89113,FK5127,300.0,0.09,3
MINUTECLINIC #20626,89113,FK9893,300.0,0.08,8
MINUTECLINIC #20626,89113,FL0007,100.0,0.01,1
MINUTECLINIC #20626,89113,FL8094,200.0,0.05,4
MINUTECLINIC #21754,89123,FJ6369,300.0,0.1,8
MINUTECLINIC #21754,89123,FK5127,300.0,0.09,3
MINUTECLINIC #21754,89123,FK9893,300.0,0.08,8
MINUTECLINIC #21754,89123,FL0007,100.0,0.01,1
MINUTECLINIC #21754,89123,FL8094,200.0,0.05,4
MINUTECLINIC #21755,89117,FL0007,100.0,0.01,1
MINUTECLINIC #21755,89117,FL8095,100.0,0.02,2
MINUTECLINIC #22037,89109,FJ6369,300.0,0.1,8
MINUTECLINIC #22037,89109,FK9893,300.0,0.08,8
MINUTECLINIC #22037,89109,FL0007,100.0,0.01,1
MINUTECLINIC #22037,89109,FL8095,100.0,0.02,2
MINUTECLINIC #22513,89102,FJ6369,300.0,0.1,8
MINUTECLINIC #22513,89102,FK9893,300.0,0.08,8
MINUTECLINIC #22513,89102,FL0007,100.0,0.01,1
MINUTECLINIC #22513,89102,FL8095,100.0,0.02,2
MOUNTAIN VIEW HOSPITAL,89128,EL1283,975.0,1.9,84
MOUNTAIN VIEW HOSPITAL,89128,FF2590,1170.0,0.52,36
NSIP SOUTHERN NEVADA OFFICE,89102,FJ8762,2340.0,0.71,78
NSIP SOUTHERN NEVADA OFFICE,89102,FK9893,300.0,0.08,8
NSIP SOUTHERN NEVADA OFFICE,89102,FL8095,500.0,0.12,9
NSIP SOUTHERN NEVADA OFFICE,89102,FM9992,600.0,0.19,21
NSIP-UNLV SCHOOL OF MEDICINE,89102,EJ1686,3900.0,10.15,629
NSIP-UNLV SCHOOL OF MEDICINE,89102,EL8982,7800.0,11.38,612
NSIP-UNLV SCHOOL OF MEDICINE,89102,EN5318,3900.0,3.99,147
NSIP-UNLV SCHOOL OF MEDICINE,89102,EW0177,1170.0,0.56,37
NSIP-UNLV SCHOOL OF MEDICINE,89102,FA6780,450.0,0.22,15
NSIP-UNLV SCHOOL OF MEDICINE,89102,FA7485,450.0,0.19,15
NSIP-UNLV SCHOOL OF MEDICINE,89102,FC3180,450.0,0.19,15
NSIP-UNLV SCHOOL OF MEDICINE,89102,FD0809,450.0,0.19,13
NSIP-UNLV SCHOOL OF MEDICINE,89102,FD7218,2340.0,0.65,86
NSIP-UNLV SCHOOL OF MEDICINE,89102,FE3592,10530.0,4.26,341
NSIP-UNLV SCHOOL OF MEDICINE,89102,FK5127,600.0,0.17,6
NSIP-UNLV SCHOOL OF MEDICINE,89102,FK5618,1500.0,0.39,17
NSIP-UNLV SCHOOL OF MEDICINE,89102,FK9896,1200.0,0.26,30
NSIP-UNLV SCHOOL OF MEDICINE,89102,FL3197,2340.0,0.64,80
NSIP-UNLV SCHOOL OF MEDICINE,89102,FL3198,1170.0,0.28,38
NVHC-MLK FAMILY HEALTH CENTER,89106,33030BD,1170.0,0.14,34
NVHC-MLK FAMILY HEALTH CENTER,89106,FK9894,600.0,0.2,15
NVHC-MLK FAMILY HEALTH CENTER,89106,FK9895,600.0,0.17,15
NVHC-MLK FAMILY HEALTH CENTER,89106,FL8094,1600.0,0.38,29
OMNICARE OF LAS VEGAS #48307,89119,FD0809,450.0,0.19,13
OMNICARE OF LAS VEGAS #48307,89119,FF8841,1170.0,0.7,40
OMNICARE OF LAS VEGAS #48307,89119,FH8030,1170.0,0.35,39
OMNICARE OF LAS VEGAS #48307,89119,FJ1614,1170.0,0.17,42
OMNICARE OF LAS VEGAS #48307,89119,FM0698,300.0,0.11,8
OMNICARE OF LAS VEGAS #48307,89119,FP4554,300.0,0.13,19
OPTIMUMEDICINE,89118,FD0809,450.0,0.19,13
OPTIMUMEDICINE,89118,FK5618,100.0,0.03,1
OPTIMUMEDICINE,89118,FK9893,300.0,0.08,8
OPTIMUMEDICINE,89118,FK9895,300.0,0.09,7
OPTIMUMEDICINE,89118,FK9896,900.0,0.2,22
OPTIMUMEDICINE,89118,FL0007,1000.0,0.14,8
OPTIMUMEDICINE,89118,FL8094,200.0,0.05,4
OPTIMUMEDICINE,89118,FL8095,1000.0,0.25,18
OPTIMUMEDICINE,89118,FM0698,300.0,0.11,8
ORAL AND MAXILLOFACIAL VILLAGE CTR,89134,FF8841,1170.0,0.7,40
ORAL AND MAXILLOFACIAL VILLAGE CTR,89134,FL0007,100.0,0.01,1
RAPID CARE MEDICAL CLINIC,89146,FJ8757,1170.0,0.32,35
RAPID CARE MEDICAL CLINIC,89146,FK5618,200.0,0.05,2
REFILL PHARMACY 1 LLC-DEL WEBB,89134,FA7484,450.0,0.22,21
REFILL PHARMACY LLC,89134,FF2587,1170.0,0.56,40
REFILL PHARMACY LLC,89134,FK5618,300.0,0.08,3
REFILL PHARMACY LLC,89134,FK9729,300.0,0.1,8
REFILL PHARMACY LLC,89134,FK9893,900.0,0.24,23
REFILL PHARMACY LLC,89134,FL8094,200.0,0.05,4
REFILL PHARMACY LLC,89134,FL8095,300.0,0.07,5
ROSEMAN UNIVERSITY-SUMMERLIN,89135,EW0180,1170.0,0.56,38
SAMS PHARMACY #4983,89113,30135BA,1170.0,0.28,44
SAMS PHARMACY #4983,89113,30155BA,1170.0,0.38,37
SAMS PHARMACY #4983,89113,33025BD,1170.0,0.2,53
SAMS PHARMACY #4983,89113,FF8839,1170.0,0.53,42
SAMS PHARMACY #4983,89113,FG3527,1170.0,0.41,36
SAMS PHARMACY #4983,89113,FJ1611,1170.0,0.3,42
SAMS PHARMACY #4983,89113,FK9893,300.0,0.08,8
SAMS PHARMACY #4983,89113,FK9896,300.0,0.07,7
SAMS PHARMACY #4983,89113,FL0007,500.0,0.07,4
SAMS PHARMACY #4983,89113,FL3198,1170.0,0.28,38
SAMS PHARMACY #4983,89113,FL8094,100.0,0.02,2
SAMS PHARMACY #4983,89113,FL8095,200.0,0.05,4
SAMS PHARMACY #6257,89149,FJ6369,300.0,0.1,8
SAMS PHARMACY #6257,89149,FK9893,300.0,0.08,8
SAMS PHARMACY #6257,89149,FL0007,500.0,0.07,4
SAMS PHARMACY #6257,89149,FL8094,100.0,0.02,2
SAMS PHARMACY #6257,89149,FL8095,100.0,0.02,2
SAMS PHARMACY #6261,89123,FJ6369,300.0,0.1,8
SAMS PHARMACY #6261,89123,FK9895,300.0,0.09,7
SAMS PHARMACY #6261,89123,FL0007,400.0,0.06,3
SAMS PHARMACY #6261,89123,FL8095,100.0,0.02,2
SAMS PHARMACY #6382,89117,FJ6369,300.0,0.1,8
SAMS PHARMACY #6382,89117,FK9895,300.0,0.09,7
SAMS PHARMACY #6382,89117,FL0007,500.0,0.07,4
SAMS PHARMACY #6382,89117,FL8095,200.0,0.05,4
SAMS PHARMACY #8177,89120,FK9893,300.0,0.08,8
SAMS PHARMACY #8177,89120,FK9896,600.0,0.13,15
SAMS PHARMACY #8177,89120,FL0007,400.0,0.06,3
SAMS PHARMACY #8177,89120,FL8095,200.0,0.05,4
SAMS PHARMACY #8177,89120,FM0698,300.0,0.11,8
SAV-ON PHARMACY,89121,FA7485,450.0,0.19,15
SAV-ON PHARMACY,89121,FC3180,450.0,0.19,15
SAV-ON PHARMACY,89121,FD8448,450.0,0.18,16
SAV-ON PHARMACY,89121,FJ9943,300.0,0.07,17
SAV-ON PHARMACY,89122,FC3180,450.0,0.19,15
SAV-ON PHARMACY,89129,30155BA,1170.0,0.38,37
SAV-ON PHARMACY,89129,33030BD,1170.0,0.14,34
SAV-ON PHARMACY,89129,EW0168,1170.0,0.51,40
SAV-ON PHARMACY,89129,FA7485,450.0,0.19,15
SAV-ON PHARMACY,89129,FC3180,450.0,0.19,15
SAV-ON PHARMACY,89129,FF2590,1170.0,0.52,36
SAV-ON PHARMACY,89130,FA7485,450.0,0.19,15
SAV-ON PHARMACY,89130,FC3180,900.0,0.39,30
SAV-ON PHARMACY,89131,FC3180,450.0,0.19,15
SAV-ON PHARMACY,89135,FA7485,450.0,0.19,15
SAV-ON PHARMACY,89135,FC3180,900.0,0.39,30
SAV-ON PHARMACY,89135,FC3184,450.0,0.24,14
SAV-ON PHARMACY,89135,FD8448,450.0,0.18,16
SAV-ON PHARMACY,89135,FE3592,1170.0,0.47,38
SAV-ON PHARMACY,89135,FF2590,1170.0,0.52,36
SAV-ON PHARMACY,89135,FJ4989,300.0,0.07,14
SAV-ON PHARMACY,89135,FJ4991,300.0,0.14,23
SAV-ON PHARMACY,89135,FJ9943,600.0,0.14,34
SAV-ON PHARMACY,89135,FK5127,600.0,0.17,6
SAV-ON PHARMACY,89139,30155BA,1170.0,0.38,37
SAV-ON PHARMACY,89139,EW0168,1170.0,0.51,40
SAV-ON PHARMACY,89139,FA7485,900.0,0.38,30
SAV-ON PHARMACY,89139,FC3184,450.0,0.24,14
SAV-ON PHARMACY,89139,FF2590,1170.0,0.52,36
SAV-ON PHARMACY,89139,FH8028,1170.0,0.43,40
SAV-ON PHARMACY,89139,FK5127,600.0,0.17,6
SAV-ON PHARMACY,89139,FL3197,1170.0,0.32,40
SAV-ON PHARMACY,89142,30155BA,1170.0,0.38,37
SAV-ON PHARMACY,89142,FA7485,450.0,0.19,15
SAV-ON PHARMACY,89142,FC3183,450.0,0.22,14
SAV-ON PHARMACY,89142,FF2590,1170.0,0.52,36
SAV-ON PHARMACY,89145,30155BA,1170.0,0.38,37
SAV-ON PHARMACY,89145,33026BD,1170.0,0.14,121
SAV-ON PHARMACY,89145,33030BD,1170.0,0.14,34
SAV-ON PHARMACY,89145,FA7484,450.0,0.22,21
SAV-ON PHARMACY,89145,FD8448,450.0,0.18,16
SAV-ON PHARMACY,89145,FE3592,1170.0,0.47,38
SAV-ON PHARMACY,89145,FE3594,1170.0,0.42,33
SAV-ON PHARMACY,89145,FF2590,1170.0,0.52,36
SAV-ON PHARMACY,89145,FJ5682,300.0,0.06,16
SAV-ON PHARMACY,89145,FJ9943,300.0,0.07,17
SAV-ON PHARMACY,89145,FM0698,300.0,0.11,8
SAV-ON PHARMACY,89147,FA7485,900.0,0.38,30
SAV-ON PHARMACY,89147,FC3183,450.0,0.22,14
SAV-ON PHARMACY,89149,30155BA,1170.0,0.38,37
SAV-ON PHARMACY,89149,EW0168,1170.0,0.51,40
SAV-ON PHARMACY,89149,FA6780,450.0,0.22,15
SAV-ON PHARMACY,89149,FA7485,450.0,0.19,15
SAV-ON PHARMACY,89149,FC3183,450.0,0.22,14
SAV-ON PHARMACY,89149,FC3184,450.0,0.24,14
SAV-ON PHARMACY,89149,FF2590,1170.0,0.52,36
SAV-ON PHARMACY,89149,FJ4991,300.0,0.14,23
SAV-ON PHARMACY,89178,FC3180,450.0,0.19,15
SAV-ON PHARMACY,89178,FJ4991,300.0,0.14,23
SAVON PHARMACY #46,89145,FK5127,300.0,0.09,3
SAVON PHARMACY #460,89135,FK5127,300.0,0.09,3
SILVER STATE HEALTH SERVICES-JONES,89146,EW0186,1170.0,0.56,39
SILVER STATE HEALTH SERVICES-JONES,89146,FF8841,1170.0,0.7,40
SILVER STATE HEALTH SERVICES-JONES,89146,FK5618,200.0,0.05,2
SILVER STATE HEALTH SERVICES-JONES,89146,FL0007,400.0,0.06,3
SILVER STATE HEALTH SERVICES-JONES,89146,FL8095,200.0,0.05,4
SMITHS PHARMACY 70600304,89103,33130BA,1170.0,0.32,32
SMITHS PHARMACY 70600304,89103,EW0181,1170.0,0.57,39
SMITHS PHARMACY 70600304,89103,EW0187,1170.0,0.58,38
SMITHS PHARMACY 70600304,89103,FA7485,450.0,0.19,15
SMITHS PHARMACY 70600304,89103,FC3180,450.0,0.19,15
SMITHS PHARMACY 70600304,89103,FC3183,450.0,0.22,14
SMITHS PHARMACY 70600304,89103,FC3184,450.0,0.24,14
SMITHS PHARMACY 70600304,89103,FF8839,1170.0,0.53,42
SMITHS PHARMACY 70600304,89103,FG3527,2340.0,0.83,71
SMITHS PHARMACY 70600304,89103,FJ4991,300.0,0.14,23
SMITHS PHARMACY 70600304,89103,FK5127,300.0,0.09,3
SMITHS PHARMACY 70600304,89103,FK5618,300.0,0.08,3
SMITHS PHARMACY 70600304,89103,FK9896,300.0,0.07,7
SMITHS PHARMACY 70600304,89103,FL0007,200.0,0.03,2
SMITHS PHARMACY 70600304,89103,FL8094,100.0,0.02,2
SMITHS PHARMACY 70600304,89103,FL8095,200.0,0.05,4
SMITHS PHARMACY 70600304,89103,FM0698,300.0,0.11,8
SMITHS PHARMACY 70600305,89110,33130BA,1170.0,0.32,32
SMITHS PHARMACY 70600305,89110,EW0181,1170.0,0.57,39
SMITHS PHARMACY 70600305,89110,EW0187,1170.0,0.58,38
SMITHS PHARMACY 70600305,89110,FA6780,900.0,0.44,30
SMITHS PHARMACY 70600305,89110,FA7484,450.0,0.22,21
SMITHS PHARMACY 70600305,89110,FC3181,900.0,0.37,29
SMITHS PHARMACY 70600305,89110,FC3183,450.0,0.22,14
SMITHS PHARMACY 70600305,89110,FC3184,450.0,0.24,14
SMITHS PHARMACY 70600305,89110,FE3590,1170.0,0.5,35
SMITHS PHARMACY 70600305,89110,FH8027,1170.0,0.37,39
SMITHS PHARMACY 70600305,89110,FJ4989,300.0,0.07,14
SMITHS PHARMACY 70600305,89110,FJ4991,300.0,0.14,23
SMITHS PHARMACY 70600305,89110,FK5127,300.0,0.09,3
SMITHS PHARMACY 70600305,89110,FK5618,300.0,0.08,3
SMITHS PHARMACY 70600305,89110,FL3209,1170.0,0.23,42
SMITHS PHARMACY 70600305,89110,FL8094,200.0,0.05,4
SMITHS PHARMACY 70600305,89110,FL8095,200.0,0.05,4
SMITHS PHARMACY 70600305,89110,FM0698,300.0,0.11,8
SMITHS PHARMACY 70600311,89139,FJ4991,300.0,0.14,23
SMITHS PHARMACY 70600311,89139,FK5127,600.0,0.17,6
SMITHS PHARMACY 70600311,89139,FL0007,200.0,0.03,2
SMITHS PHARMACY 70600311,89139,FL8095,200.0,0.05,4
SMITHS PHARMACY 70600315,89113,EW0181,1170.0,0.57,39
SMITHS PHARMACY 70600315,89113,EW0187,1170.0,0.58,38
SMITHS PHARMACY 70600315,89113,FA7484,450.0,0.22,21
SMITHS PHARMACY 70600315,89113,FA7485,450.0,0.19,15
SMITHS PHARMACY 70600315,89113,FC3181,900.0,0.37,29
SMITHS PHARMACY 70600315,89113,FC3183,450.0,0.22,14
SMITHS PHARMACY 70600315,89113,FC3184,450.0,0.24,14
SMITHS PHARMACY 70600315,89113,FE3594,1170.0,0.42,33
SMITHS PHARMACY 70600315,89113,FF2587,1170.0,0.56,40
SMITHS PHARMACY 70600315,89113,FG3527,2340.0,0.83,71
SMITHS PHARMACY 70600315,89113,FJ4989,300.0,0.07,14
SMITHS PHARMACY 70600315,89113,FK5127,300.0,0.09,3
SMITHS PHARMACY 70600315,89113,FK5618,100.0,0.03,1
SMITHS PHARMACY 70600315,89113,FK9895,300.0,0.09,7
SMITHS PHARMACY 70600315,89113,FL0007,100.0,0.01,1
SMITHS PHARMACY 70600315,89113,FL3198,1170.0,0.28,38
SMITHS PHARMACY 70600315,89113,FL8094,200.0,0.05,4
SMITHS PHARMACY 70600315,89113,FL8095,200.0,0.05,4
SMITHS PHARMACY 70600318,89104,FJ4991,300.0,0.14,23
SMITHS PHARMACY 70600318,89104,FL0007,200.0,0.03,2
SMITHS PHARMACY 70600318,89104,FL8094,100.0,0.02,2
SMITHS PHARMACY 70600318,89104,FL8095,100.0,0.02,2
SMITHS PHARMACY 70600318,89104,FM0698,300.0,0.11,8
SMITHS PHARMACY 70600332,89149,FJ9943,300.0,0.07,17
SMITHS PHARMACY 70600332,89149,FL0007,100.0,0.01,1
SMITHS PHARMACY 70600332,89149,FL8094,100.0,0.02,2
SMITHS PHARMACY 70600332,89149,FL8095,200.0,0.05,4
SMITHS PHARMACY 70600332,89149,FM0698,300.0,0.11,8
SMITHS PHARMACY 70600347,89117,FJ9943,300.0,0.07,17
SMITHS PHARMACY 70600347,89117,FK5127,300.0,0.09,3
SMITHS PHARMACY 70600347,89117,FK5618,300.0,0.08,3
SMITHS PHARMACY 70600347,89117,FL8094,200.0,0.05,4
SMITHS PHARMACY 70600347,89117,FL8095,300.0,0.07,5
SMITHS PHARMACY 70600349,89147,FJ4991,300.0,0.14,23
SMITHS PHARMACY 70600349,89147,FK5127,300.0,0.09,3
SMITHS PHARMACY 70600349,89147,FK5618,100.0,0.03,1
SMITHS PHARMACY 70600349,89147,FL0007,200.0,0.03,2
SMITHS PHARMACY 70600349,89147,FL8094,100.0,0.02,2
SMITHS PHARMACY 70600349,89147,FL8095,100.0,0.02,2
SMITHS PHARMACY 70600349,89147,FM0698,300.0,0.11,8
SMITHS PHARMACY 70600351,89103,FJ4991,300.0,0.14,23
SMITHS PHARMACY 70600351,89103,FL0007,300.0,0.04,3
SMITHS PHARMACY 70600351,89103,FL8095,100.0,0.02,2
SMITHS PHARMACY 70600351,89103,FM0698,300.0,0.11,8
SMITHS PHARMACY 70600354,89121,33130BA,1170.0,0.32,32
SMITHS PHARMACY 70600354,89121,FA6780,450.0,0.22,15
SMITHS PHARMACY 70600354,89121,FA7484,450.0,0.22,21
SMITHS PHARMACY 70600354,89121,FC3181,450.0,0.19,14
SMITHS PHARMACY 70600354,89121,FC3183,450.0,0.22,14
SMITHS PHARMACY 70600354,89121,FC3184,450.0,0.24,14
SMITHS PHARMACY 70600354,89121,FF2587,1170.0,0.56,40
SMITHS PHARMACY 70600354,89121,FF2593,1170.0,0.43,35
SMITHS PHARMACY 70600354,89121,FG3527,1170.0,0.41,36
SMITHS PHARMACY 70600354,89121,FJ4989,300.0,0.07,14
SMITHS PHARMACY 70600354,89121,FJ8757,1170.0,0.32,35
SMITHS PHARMACY 70600354,89121,FK5127,300.0,0.09,3
SMITHS PHARMACY 70600354,89121,FK5618,100.0,0.03,1
SMITHS PHARMACY 70600354,89121,FK9895,300.0,0.09,7
SMITHS PHARMACY 70600354,89121,FK9896,600.0,0.13,15
SMITHS PHARMACY 70600354,89121,FL0007,300.0,0.04,3
SMITHS PHARMACY 70600354,89121,FL8095,200.0,0.05,4
SMITHS PHARMACY 70600355,89110,FJ4989,300.0,0.07,14
SMITHS PHARMACY 70600355,89110,FJ4991,300.0,0.14,23
SMITHS PHARMACY 70600355,89110,FK5127,300.0,0.09,3
SMITHS PHARMACY 70600355,89110,FK9895,300.0,0.09,7
SMITHS PHARMACY 70600355,89110,FL0007,300.0,0.04,3
SMITHS PHARMACY 70600355,89110,FM0698,300.0,0.11,8
SMITHS PHARMACY 70600358,89109,FK5127,300.0,0.09,3
SMITHS PHARMACY 70600358,89109,FK5618,100.0,0.03,1
SMITHS PHARMACY 70600358,89109,FK9895,300.0,0.09,7
SMITHS PHARMACY 70600358,89109,FL0007,300.0,0.04,3
SMITHS PHARMACY 70600358,89109,FL8094,100.0,0.02,2
SMITHS PHARMACY 70600358,89109,FL8095,200.0,0.05,4
SMITHS PHARMACY 70600358,89109,FM0698,300.0,0.11,8
SMITHS PHARMACY 70600364,89141,FJ4991,300.0,0.14,23
SMITHS PHARMACY 70600364,89141,FL0007,100.0,0.01,1
SMITHS PHARMACY 70600364,89141,FL8095,200.0,0.05,4
SMITHS PHARMACY 70600364,89141,FM0698,600.0,0.21,15
SMITHS PHARMACY 70600367,89166,33130BA,1170.0,0.32,32
SMITHS PHARMACY 70600367,89166,EW0181,1170.0,0.57,39
SMITHS PHARMACY 70600367,89166,EW0187,1170.0,0.58,38
SMITHS PHARMACY 70600367,89166,FA6780,450.0,0.22,15
SMITHS PHARMACY 70600367,89166,FA7484,450.0,0.22,21
SMITHS PHARMACY 70600367,89166,FC3180,450.0,0.19,15
SMITHS PHARMACY 70600367,89166,FC3181,450.0,0.19,14
SMITHS PHARMACY 70600367,89166,FC3183,450.0,0.22,14
SMITHS PHARMACY 70600367,89166,FC3184,450.0,0.24,14
SMITHS PHARMACY 70600367,89166,FF2593,1170.0,0.43,35
SMITHS PHARMACY 70600367,89166,FF8841,1170.0,0.7,40
SMITHS PHARMACY 70600367,89166,FJ1620,1170.0,0.33,36
SMITHS PHARMACY 70600367,89166,FJ4989,300.0,0.07,14
SMITHS PHARMACY 70600367,89166,FJ9943,300.0,0.07,17
SMITHS PHARMACY 70600367,89166,FK5127,600.0,0.17,6
SMITHS PHARMACY 70600367,89166,FK9896,300.0,0.07,7
SMITHS PHARMACY 70600367,89166,FL0007,100.0,0.01,1
SMITHS PHARMACY 70600367,89166,FL8094,100.0,0.02,2
SMITHS PHARMACY 70600367,89166,FL8095,400.0,0.1,7
SMITHS PHARMACY 70600367,89166,FM0698,300.0,0.11,8
SMITHS PHARMACY 70600370,89108,FJ4991,300.0,0.14,23
SMITHS PHARMACY 70600370,89108,FL0007,200.0,0.03,2
SMITHS PHARMACY 70600370,89108,FL8094,100.0,0.02,2
SMITHS PHARMACY 70600370,89108,FL8095,100.0,0.02,2
SMITHS PHARMACY 70600370,89108,FM0698,300.0,0.11,8
SMITHS PHARMACY 70600371,89117,FA6780,450.0,0.22,15
SMITHS PHARMACY 70600371,89117,FA7484,450.0,0.22,21
SMITHS PHARMACY 70600371,89117,FC3181,450.0,0.19,14
SMITHS PHARMACY 70600371,89117,FC3183,450.0,0.22,14
SMITHS PHARMACY 70600371,89117,FC3184,450.0,0.24,14
SMITHS PHARMACY 70600371,89117,FE3590,1170.0,0.5,35
SMITHS PHARMACY 70600371,89117,FJ1620,1170.0,0.33,36
SMITHS PHARMACY 70600371,89117,FJ4989,300.0,0.07,14
SMITHS PHARMACY 70600371,89117,FJ4991,300.0,0.14,23
SMITHS PHARMACY 70600371,89117,FK5127,600.0,0.17,6
SMITHS PHARMACY 70600371,89117,FK9895,300.0,0.09,7
SMITHS PHARMACY 70600371,89117,FL3209,1170.0,0.23,42
SMITHS PHARMACY 70600371,89117,FL8094,200.0,0.05,4
SMITHS PHARMACY 70600371,89117,FL8095,100.0,0.02,2
SMITHS PHARMACY 70600371,89117,FM0698,300.0,0.11,8
SMITHS PHARMACY 70600372,89108,FJ4991,300.0,0.14,23
SMITHS PHARMACY 70600372,89108,FK5127,600.0,0.17,6
SMITHS PHARMACY 70600372,89108,FM0698,300.0,0.11,8
SMITHS PHARMACY 70600376,89123,FJ4989,300.0,0.07,14
SMITHS PHARMACY 70600376,89123,FK9895,300.0,0.09,7
SMITHS PHARMACY 70600376,89123,FL0007,100.0,0.01,1
SMITHS PHARMACY 70600377,89106,FK9895,300.0,0.09,7
SMITHS PHARMACY 70600377,89106,FL0007,200.0,0.03,2
SMITHS PHARMACY 70600377,89106,FL8095,100.0,0.02,2
SMITHS PHARMACY 70600377,89106,FM0698,300.0,0.11,8
SMITHS PHARMACY 70600385,89128,33130BA,1170.0,0.32,32
SMITHS PHARMACY 70600385,89128,EW0181,1170.0,0.57,39
SMITHS PHARMACY 70600385,89128,EW0187,1170.0,0.58,38
SMITHS PHARMACY 70600385,89128,FA6780,450.0,0.22,15
SMITHS PHARMACY 70600385,89128,FA7484,450.0,0.22,21
SMITHS PHARMACY 70600385,89128,FC3180,450.0,0.19,15
SMITHS PHARMACY 70600385,89128,FC3181,450.0,0.19,14
SMITHS PHARMACY 70600385,89128,FC3183,450.0,0.22,14
SMITHS PHARMACY 70600385,89128,FC3184,450.0,0.24,14
SMITHS PHARMACY 70600385,89128,FF2587,1170.0,0.56,40
SMITHS PHARMACY 70600385,89128,FF8839,1170.0,0.53,42
SMITHS PHARMACY 70600385,89128,FG3527,1170.0,0.41,36
SMITHS PHARMACY 70600385,89128,FJ4989,300.0,0.07,14
SMITHS PHARMACY 70600385,89128,FJ4991,300.0,0.14,23
SMITHS PHARMACY 70600385,89128,FK5127,300.0,0.09,3
SMITHS PHARMACY 70600385,89128,FK5618,300.0,0.08,3
SMITHS PHARMACY 70600385,89128,FL0007,100.0,0.01,1
SMITHS PHARMACY 70600385,89128,FL8094,100.0,0.02,2
SMITHS PHARMACY 70600385,89128,FL8095,100.0,0.02,2
SMITHS PHARMACY 70600385,89128,FM0698,300.0,0.11,8
SMITHS PHARMACY 70600394,89183,EW0181,1170.0,0.57,39
SMITHS PHARMACY 70600394,89183,EW0187,1170.0,0.58,38
SMITHS PHARMACY 70600394,89183,FA7484,450.0,0.22,21
SMITHS PHARMACY 70600394,89183,FA7485,450.0,0.19,15
SMITHS PHARMACY 70600394,89183,FC3181,450.0,0.19,14
SMITHS PHARMACY 70600394,89183,FC3182,450.0,0.16,14
SMITHS PHARMACY 70600394,89183,FE3594,1170.0,0.42,33
SMITHS PHARMACY 70600394,89183,FF2587,1170.0,0.56,40
SMITHS PHARMACY 70600394,89183,FF2593,1170.0,0.43,35
SMITHS PHARMACY 70600394,89183,FG3527,1170.0,0.41,36
SMITHS PHARMACY 70600394,89183,FJ4989,300.0,0.07,14
SMITHS PHARMACY 70600394,89183,FJ9943,300.0,0.07,17
SMITHS PHARMACY 70600394,89183,FK5127,600.0,0.17,6
SMITHS PHARMACY 70600394,89183,FK9896,600.0,0.13,15
SMITHS PHARMACY 70600394,89183,FL0007,200.0,0.03,2
SMITHS PHARMACY 70600394,89183,FL8095,300.0,0.07,5
SMITHS PHARMACY 70600396,89147,FJ4991,300.0,0.14,23
SMITHS PHARMACY 70600396,89147,FL0007,100.0,0.01,1
SMITHS PHARMACY 70600396,89147,FL8094,200.0,0.05,4
SMITHS PHARMACY 70600396,89147,FM0698,300.0,0.11,8
SMITHS PHARMACY 70600399,89102,FJ4989,300.0,0.07,14
SMITHS PHARMACY 70600399,89102,FL0007,200.0,0.03,2
SMITHS PHARMACY 70600399,89102,FL8094,100.0,0.02,2
SMITHS PHARMACY 70600399,89102,FL8095,100.0,0.02,2
SMITHS PHARMACY 70600399,89102,FM0698,600.0,0.21,15
SNHD - EAST LAS VEGAS CLINIC,89101,FL8094,100.0,0.02,2
SO NEVADA HEALTH DISTRICT-MAIN,89107,30155BA,1170.0,0.38,37
SO NEVADA HEALTH DISTRICT-MAIN,89107,EH9899,12675.0,51.8,1564
SO NEVADA HEALTH DISTRICT-MAIN,89107,EK9231,6825.0,22.4,627
SO NEVADA HEALTH DISTRICT-MAIN,89107,EL1283,13650.0,26.6,1177
SO NEVADA HEALTH DISTRICT-MAIN,89107,EL9262,9750.0,13.72,748
SO NEVADA HEALTH DISTRICT-MAIN,89107,EL9267,19500.0,21.32,1965
SO NEVADA HEALTH DISTRICT-MAIN,89107,EM9810,6825.0,7.5,672
SO NEVADA HEALTH DISTRICT-MAIN,89107,EN5318,8775.0,8.97,332
SO NEVADA HEALTH DISTRICT-MAIN,89107,EN6200,41925.0,41.6,1755
SO NEVADA HEALTH DISTRICT-MAIN,89107,EN6205,32760.0,26.88,1016
SO NEVADA HEALTH DISTRICT-MAIN,89107,EN6206,30420.0,22.03,1028
SO NEVADA HEALTH DISTRICT-MAIN,89107,EN6208,36270.0,28.85,1152
SO NEVADA HEALTH DISTRICT-MAIN,89107,EP6955,9360.0,7.01,272
SO NEVADA HEALTH DISTRICT-MAIN,89107,EP7533,29250.0,20.07,996
SO NEVADA HEALTH DISTRICT-MAIN,89107,ER8727,38610.0,29.78,1308
SO NEVADA HEALTH DISTRICT-MAIN,89107,ER8733,28080.0,22.43,842
SO NEVADA HEALTH DISTRICT-MAIN,89107,ER8735,11700.0,7.81,407
SO NEVADA HEALTH DISTRICT-MAIN,89107,EW0151,29250.0,26.07,1122
SO NEVADA HEALTH DISTRICT-MAIN,89107,EW0162,35100.0,21.53,1147
SO NEVADA HEALTH DISTRICT-MAIN,89107,EW0168,3510.0,1.54,119
SO NEVADA HEALTH DISTRICT-MAIN,89107,EW0169,19890.0,13.11,750
SO NEVADA HEALTH DISTRICT-MAIN,89107,EW0173,30420.0,18.93,969
SO NEVADA HEALTH DISTRICT-MAIN,89107,EW0175,25740.0,14.1,976
SO NEVADA HEALTH DISTRICT-MAIN,89107,EW0217,2340.0,1.45,82
SO NEVADA HEALTH DISTRICT-MAIN,89107,FA7484,450.0,0.22,21
SO NEVADA HEALTH DISTRICT-MAIN,89107,FC3183,450.0,0.22,14
SO NEVADA HEALTH DISTRICT-MAIN,89107,FD8448,450.0,0.18,16
SO NEVADA HEALTH DISTRICT-MAIN,89107,FH8030,1170.0,0.35,39
SO NEVADA HEALTH DISTRICT-MAIN,89107,FK5618,1200.0,0.31,13
SO NEVADA HEALTH DISTRICT-MAIN,89107,FK9894,1500.0,0.49,36
SO NEVADA HEALTH DISTRICT-MAIN,89107,FL8094,1000.0,0.24,18
SOLUNA FAMILY MEDICINE,89128,FK5618,100.0,0.03,1
SOUTHERN HILLS HOSPITAL,89148,FF2590,1170.0,0.52,36
SOUTHERN HILLS PEDIATRICS,89148,30155BA,1170.0,0.38,37
SOUTHERN HILLS PEDIATRICS,89148,FA6780,450.0,0.22,15
SOUTHERN HILLS PEDIATRICS,89148,FK5127,300.0,0.09,3
SOUTHERN HILLS PEDIATRICS,89148,FK9894,300.0,0.1,7
SOUTHERN HILLS PEDIATRICS,89148,FK9895,300.0,0.09,7
SOUTHERN HILLS PEDIATRICS,89148,FL0007,200.0,0.03,2
SOUTHERN HILLS PEDIATRICS,89148,FL8094,400.0,0.1,7
SOUTHERN HILLS PEDIATRICS,89148,FL8095,200.0,0.05,4
SOUTHERN NEVADA PEDIATRIC CENTER,89128,FK5127,300.0,0.09,3
SOUTHERN NEVADA PEDIATRIC CENTER,89128,FK9895,300.0,0.09,7
SOUTHERN NEVADA PEDIATRIC CENTER,89128,FL0007,100.0,0.01,1
SOUTHERN NV COMMUNITY HEALTH CENTER,89107,EW0173,1170.0,0.73,37
SOUTHERN NV COMMUNITY HEALTH CENTER,89107,EW0175,1170.0,0.64,44
SOUTHERN NV COMMUNITY HEALTH CENTER,89107,EW0182,1170.0,0.57,41
SOUTHERN NV COMMUNITY HEALTH CENTER,89107,EW0191,2340.0,1.07,71
SOUTHERN NV COMMUNITY HEALTH CENTER,89107,EW0217,4680.0,2.9,164
SOUTHERN NV COMMUNITY HEALTH CENTER,89107,FC3181,900.0,0.37,29
SOUTHERN NV COMMUNITY HEALTH CENTER,89107,FD0809,1350.0,0.58,40
SOUTHERN NV COMMUNITY HEALTH CENTER,89107,FE3590,1170.0,0.5,35
SOUTHERN NV COMMUNITY HEALTH CENTER,89107,FF8841,2340.0,1.39,79
SOUTHERN NV COMMUNITY HEALTH CENTER,89107,FH8030,1170.0,0.35,39
SOUTHERN NV COMMUNITY HEALTH CENTER,89107,FJ1614,1170.0,0.17,42
SOUTHERN NV COMMUNITY HEALTH CENTER,89107,FJ1620,1170.0,0.33,36
SOUTHERN NV COMMUNITY HEALTH CENTER,89107,FJ5683,900.0,0.17,49
SOUTHERN NV COMMUNITY HEALTH CENTER,89107,FK5618,200.0,0.05,2
SOUTHERN NV COMMUNITY HEALTH CENTER,89107,FL0007,300.0,0.04,3
SOUTHERN NV COMMUNITY HEALTH CENTER,89107,FL8094,800.0,0.19,15
SOUTHERN NV COMMUNITY HEALTH CENTER,89107,FL8095,400.0,0.1,7
SOUTHERN NV MED AND PEDS,89102,FK5618,200.0,0.05,2
SOUTHERN NV MED AND PEDS,89102,FK9895,300.0,0.09,7
SOUTHERN NV MED AND PEDS,89102,FL0007,200.0,0.03,2
SOUTHERN NV MED AND PEDS,89102,FL8094,300.0,0.07,6
SOUTHERN NV MED AND PEDS,89102,FL8095,100.0,0.02,2
SOUTHERN NV MED AND PEDS,89102,FM7553,300.0,0.47,53
SOUTHWEST MEDICAL - DECATUR,89102,FK5127,600.0,0.17,6
SOUTHWEST MEDICAL - DECATUR,89102,FL0007,100.0,0.01,1
SOUTHWEST MEDICAL - DECATUR,89102,FL8094,400.0,0.1,7
SOUTHWEST MEDICAL - MONTECITO,89149,FK5127,300.0,0.09,3
SOUTHWEST MEDICAL - MONTECITO,89149,FL0007,100.0,0.01,1
SOUTHWEST MEDICAL - MONTECITO,89149,FL8094,400.0,0.1,7
SOUTHWEST MEDICAL - NELLIS,89110,FK5127,300.0,0.09,3
SOUTHWEST MEDICAL - NELLIS,89110,FL0007,100.0,0.01,1
SOUTHWEST MEDICAL - NELLIS,89110,FL8094,400.0,0.1,7
SPRING VALLEY HOSPITAL,89118,EL1283,975.0,1.9,84
ST ROSE PEDIATRICS CIMARRON,89113,FK9895,300.0,0.09,7
ST ROSE PEDIATRICS CIMARRON,89113,FL0007,300.0,0.04,3
ST ROSE PEDIATRICS CIMARRON,89113,FL8094,500.0,0.12,9
SUNRISE HOSPITAL MEDICAL CENTER,89109,EL1283,1950.0,3.8,168
SUNRISE HOSPITAL MEDICAL CENTER,89109,FF2590,1170.0,0.52,36
SW MED ASSOC NELLIS ADULT MEDICINE,89110,FK5127,300.0,0.09,3
SW MED ASSOC NELLIS ADULT MEDICINE,89110,FK9896,300.0,0.07,7
SW MED ASSOC NELLIS ADULT MEDICINE,89110,FL0007,200.0,0.03,2
SW MED ASSOC NELLIS ADULT MEDICINE,89110,FL8094,100.0,0.02,2
SW MED ASSOC NELLIS ADULT MEDICINE,89110,FL8095,100.0,0.02,2
SW MED ASSOC OAKEY,89102,FD0809,900.0,0.39,27
SW MED ASSOC OAKEY,89102,FK5127,300.0,0.09,3
SW MED ASSOC OAKEY,89102,FK9893,600.0,0.16,15
SW MED ASSOC OAKEY,89102,FL0007,200.0,0.03,2
SW MED ASSOC OAKEY,89102,FL8094,100.0,0.02,2
SW MED ASSOC OAKEY,89102,FL8095,100.0,0.02,2
SW MED ASSOC OAKEY,89102,FM9992,300.0,0.1,10
TENDERCARE PEDIATRICS,89146,FL0007,300.0,0.04,3
TENDERCARE PEDIATRICS,89146,FL8094,500.0,0.12,9
THE MEDICINE SHOPPE PHARMACY,89130,FK9893,300.0,0.08,8
"TRAN, DZUNG MD",89113,FK5618,100.0,0.03,1
UNIVERSITY MEDICAL CENTER HOSPITAL,89102,30130BA,1170.0,0.17,42
UNIVERSITY MEDICAL CENTER HOSPITAL,89102,30155BA,1170.0,0.38,37
UNIVERSITY MEDICAL CENTER HOSPITAL,89102,EL1283,1950.0,3.8,168
UNIVERSITY MEDICAL CENTER HOSPITAL,89102,EL9262,2925.0,4.12,224
UNIVERSITY MEDICAL CENTER HOSPITAL,89102,EM9810,4875.0,5.36,480
UNIVERSITY MEDICAL CENTER HOSPITAL,89102,EN6200,2925.0,2.9,122
UNIVERSITY MEDICAL CENTER HOSPITAL,89102,EN6201,975.0,1.04,37
UNIVERSITY MEDICAL CENTER HOSPITAL,89102,EN6203,1170.0,1.14,53
UNIVERSITY MEDICAL CENTER HOSPITAL,89102,EN6206,3510.0,2.54,119
UNIVERSITY MEDICAL CENTER HOSPITAL,89102,EN6208,1170.0,0.93,37
UNIVERSITY MEDICAL CENTER HOSPITAL,89102,EP6955,2340.0,1.75,68
UNIVERSITY MEDICAL CENTER HOSPITAL,89102,EP7533,1170.0,0.8,40
UNIVERSITY MEDICAL CENTER HOSPITAL,89102,ER8727,1170.0,0.9,40
UNIVERSITY MEDICAL CENTER HOSPITAL,89102,ER8733,5850.0,4.67,175
UNIVERSITY MEDICAL CENTER HOSPITAL,89102,ER8735,1170.0,0.78,41
UNIVERSITY MEDICAL CENTER HOSPITAL,89102,ER8736,2340.0,1.25,75
UNIVERSITY MEDICAL CENTER HOSPITAL,89102,EW0162,2340.0,1.44,76
UNIVERSITY MEDICAL CENTER HOSPITAL,89102,EW0169,2340.0,1.54,88
UNIVERSITY MEDICAL CENTER HOSPITAL,89102,EW0173,1170.0,0.73,37
UNIVERSITY MEDICAL CENTER HOSPITAL,89102,EW0182,1170.0,0.57,41
UNIVERSITY MEDICAL CENTER HOSPITAL,89102,FK5127,300.0,0.09,3
UNIVERSITY MEDICAL CENTER HOSPITAL,89102,FL0007,100.0,0.01,1
UNIVERSITY MEDICAL CENTER HOSPITAL,89102,FL3209,1170.0,0.23,42
UNIVERSITY MEDICAL CENTER HOSPITAL,89102,FL8094,100.0,0.02,2
UNLV MEDICINE-STUDENT UNION,89119,FK5127,300.0,0.09,3
UNLV MEDICINE-STUDENT UNION,89119,FK9893,300.0,0.08,8
UNLV MFM-1707 WEST CHARLESTON,89102,EN6198,7605.0,6.86,294
UNLV MFM-1707 WEST CHARLESTON,89102,EN6201,3900.0,4.16,149
UNLV MFM-1707 WEST CHARLESTON,89102,EN9581,7800.0,10.55,1434
UNLV MFM-1707 WEST CHARLESTON,89102,FF2587,1170.0,0.56,40
UNLV STUDENT WELLNESS CENTER,89154-3020,30145BA,1170.0,0.44,42
UNLV STUDENT WELLNESS CENTER,89154-3020,FJ1620,1170.0,0.33,36
VALLEY HOSPITAL MEDICAL CENTER,89106,EL1283,975.0,1.9,84
VALLEY HOSPITAL MEDICAL CENTER,89106,EN6200,975.0,0.97,41
VONS PHARMACY,89113,FC3180,450.0,0.19,15
VONS PHARMACY,89123,30145BA,7020.0,2.65,250
VONS PHARMACY,89123,30155BA,4680.0,1.53,147
VONS PHARMACY,89123,33030BD,2340.0,0.29,69
VONS PHARMACY,89123,33036BD,1170.0,0.16,46
VONS PHARMACY,89123,33130BA,1170.0,0.32,32
VONS PHARMACY,89123,ER8735,4680.0,3.12,163
VONS PHARMACY,89123,ER8736,1170.0,0.62,37
VONS PHARMACY,89123,ER8737,3510.0,2.31,114
VONS PHARMACY,89123,FC3180,450.0,0.19,15
VONS PHARMACY,89123,FC3184,450.0,0.24,14
VONS PHARMACY,89123,FD8448,900.0,0.35,32
VONS PHARMACY,89123,FE3592,4680.0,1.89,152
VONS PHARMACY,89123,FE3594,1170.0,0.42,33
VONS PHARMACY,89123,FF2587,1170.0,0.56,40
VONS PHARMACY,89123,FF2590,3510.0,1.57,109
VONS PHARMACY,89123,FF2593,2340.0,0.86,70
VONS PHARMACY,89123,FH8028,3510.0,1.3,119
VONS PHARMACY,89123,FJ4989,1800.0,0.43,83
VONS PHARMACY,89123,FJ5682,2400.0,0.5,125
VONS PHARMACY,89123,FJ9943,4200.0,0.95,241
VONS PHARMACY,89123,FK5127,600.0,0.17,6
VONS PHARMACY,89123,FK9896,900.0,0.2,22
VONS PHARMACY,89123,FL0007,600.0,0.09,5
VONS PHARMACY,89123,FL3198,1170.0,0.28,38
VONS PHARMACY,89123,FL8095,600.0,0.15,11
VONS PHARMACY,89123,FM0698,300.0,0.11,8
VONS PHARMACY,89131,FC3180,450.0,0.19,15
VONS PHARMACY #2390,89123,EW0151,8190.0,7.3,314
VONS PHARMACY #2390,89123,EW0175,8190.0,4.49,310
VONS PHARMACY #2390,89123,FK5127,600.0,0.17,6
WALGREENS STORE #03842,89123,32030BD,3510.0,0.78,105
WALGREENS STORE #03842,89123,33030BD,2340.0,0.29,69
WALGREENS STORE #03842,89123,33130BA,7020.0,1.93,191
WALGREENS STORE #03842,89123,EL3302,2925.0,3.76,270
WALGREENS STORE #03842,89123,EL9261,975.0,1.39,81
WALGREENS STORE #03842,89123,EN5318,975.0,1.0,37
WALGREENS STORE #03842,89123,EN6198,1170.0,1.06,45
WALGREENS STORE #03842,89123,EN6200,1950.0,1.93,82
WALGREENS STORE #03842,89123,EN6201,1950.0,2.08,74
WALGREENS STORE #03842,89123,EN6204,1170.0,0.94,43
WALGREENS STORE #03842,89123,EN6205,1170.0,0.96,36
WALGREENS STORE #03842,89123,EN6207,1170.0,0.9,35
WALGREENS STORE #03842,89123,ER8736,3510.0,1.87,112
WALGREENS STORE #03842,89123,EW0161,1170.0,0.67,38
WALGREENS STORE #03842,89123,EW0168,2340.0,1.03,79
WALGREENS STORE #03842,89123,EW0171,1170.0,0.58,33
WALGREENS STORE #03842,89123,EW0173,1170.0,0.73,37
WALGREENS STORE #03842,89123,EW0181,2340.0,1.15,78
WALGREENS STORE #03842,89123,EW0185,8190.0,3.84,235
WALGREENS STORE #03842,89123,EW0187,4680.0,2.33,153
WALGREENS STORE #03842,89123,EW0196,1170.0,0.59,40
WALGREENS STORE #03842,89123,EW0198,2340.0,1.21,99
WALGREENS STORE #03842,89123,EW0217,2340.0,1.45,82
WALGREENS STORE #03842,89123,FA6780,1800.0,0.89,59
WALGREENS STORE #03842,89123,FA7484,3600.0,1.78,165
WALGREENS STORE #03842,89123,FA7485,3600.0,1.51,120
WALGREENS STORE #03842,89123,FC3180,4050.0,1.75,133
WALGREENS STORE #03842,89123,FC3182,5400.0,1.92,166
WALGREENS STORE #03842,89123,FD0809,900.0,0.39,27
WALGREENS STORE #03842,89123,FD8448,4950.0,1.95,179
WALGREENS STORE #03842,89123,FE3594,1170.0,0.42,33
WALGREENS STORE #03842,89123,FF2588,3510.0,1.29,116
WALGREENS STORE #03842,89123,FF2589,5850.0,2.6,192
WALGREENS STORE #03842,89123,FF2590,3510.0,1.57,109
WALGREENS STORE #03842,89123,FF2593,2340.0,0.86,70
WALGREENS STORE #03842,89123,FG3527,4680.0,1.65,142
WALGREENS STORE #03842,89123,FJ1614,1170.0,0.17,42
WALGREENS STORE #03842,89123,FJ4989,4200.0,1.01,194
WALGREENS STORE #03842,89123,FJ5683,4200.0,0.8,228
WALGREENS STORE #03842,89123,FJ9943,300.0,0.07,17
WALGREENS STORE #03842,89123,FK5127,6000.0,1.73,57
WALGREENS STORE #03842,89123,FK9895,1200.0,0.34,30
WALGREENS STORE #03842,89123,FK9896,300.0,0.07,7
WALGREENS STORE #03842,89123,FL0007,3800.0,0.55,32
WALGREENS STORE #03842,89123,FL3209,3510.0,0.7,125
WALGREENS STORE #03842,89123,FL8094,1200.0,0.29,22
WALGREENS STORE #03842,89123,FL8095,1300.0,0.32,24
WALGREENS STORE #03842,89123,FM0698,1200.0,0.43,30
WALGREENS STORE #03915,89146,32030BD,4680.0,1.04,140
WALGREENS STORE #03915,89146,33030BD,1170.0,0.14,34
WALGREENS STORE #03915,89146,33130BA,9360.0,2.57,254
WALGREENS STORE #03915,89146,EJ1686,975.0,2.54,157
WALGREENS STORE #03915,89146,EL3247,975.0,2.45,90
WALGREENS STORE #03915,89146,EL3302,1950.0,2.51,180
WALGREENS STORE #03915,89146,EL9264,975.0,1.09,77
WALGREENS STORE #03915,89146,EL9265,975.0,1.16,101
WALGREENS STORE #03915,89146,EN6198,1170.0,1.06,45
WALGREENS STORE #03915,89146,EN6199,3510.0,2.65,130
WALGREENS STORE #03915,89146,EN6200,1950.0,1.93,82
WALGREENS STORE #03915,89146,EN6201,1950.0,2.08,74
WALGREENS STORE #03915,89146,EN6204,1170.0,0.94,43
WALGREENS STORE #03915,89146,EN6205,4680.0,3.84,145
WALGREENS STORE #03915,89146,EN6207,1170.0,0.9,35
WALGREENS STORE #03915,89146,EN6208,3510.0,2.79,111
WALGREENS STORE #03915,89146,EP6955,3510.0,2.63,102
WALGREENS STORE #03915,89146,ER8729,7020.0,5.11,218
WALGREENS STORE #03915,89146,ER8731,7020.0,3.8,224
WALGREENS STORE #03915,89146,ER8732,7020.0,5.64,221
WALGREENS STORE #03915,89146,ER8737,7020.0,4.62,228
WALGREENS STORE #03915,89146,EW0170,3510.0,1.84,119
WALGREENS STORE #03915,89146,EW0171,2340.0,1.16,66
WALGREENS STORE #03915,89146,EW0179,8190.0,3.94,213
WALGREENS STORE #03915,89146,EW0180,2340.0,1.11,76
WALGREENS STORE #03915,89146,EW0181,2340.0,1.15,78
WALGREENS STORE #03915,89146,EW0182,3510.0,1.72,122
WALGREENS STORE #03915,89146,EW0185,4680.0,2.19,134
WALGREENS STORE #03915,89146,EW0187,7020.0,3.49,229
WALGREENS STORE #03915,89146,EW0196,3510.0,1.76,120
WALGREENS STORE #03915,89146,EW0198,7020.0,3.62,296
WALGREENS STORE #03915,89146,EW0217,8190.0,5.07,287
WALGREENS STORE #03915,89146,FA6780,1800.0,0.89,59
WALGREENS STORE #03915,89146,FA7484,4050.0,2.01,186
WALGREENS STORE #03915,89146,FA7485,12150.0,5.11,406
WALGREENS STORE #03915,89146,FC3180,3600.0,1.56,118
WALGREENS STORE #03915,89146,FC3182,9450.0,3.35,290
WALGREENS STORE #03915,89146,FD0809,1350.0,0.58,40
WALGREENS STORE #03915,89146,FD7218,2340.0,0.65,86
WALGREENS STORE #03915,89146,FD8448,9000.0,3.55,325
WALGREENS STORE #03915,89146,FE3590,2340.0,1.0,71
WALGREENS STORE #03915,89146,FF2588,14040.0,5.16,466
WALGREENS STORE #03915,89146,FF2590,1170.0,0.52,36
WALGREENS STORE #03915,89146,FF2593,2340.0,0.86,70
WALGREENS STORE #03915,89146,FG3527,2340.0,0.83,71
WALGREENS STORE #03915,89146,FH8027,3510.0,1.12,117
WALGREENS STORE #03915,89146,FH8028,3510.0,1.3,119
WALGREENS STORE #03915,89146,FJ1614,2340.0,0.35,83
WALGREENS STORE #03915,89146,FJ4989,3000.0,0.72,138
WALGREENS STORE #03915,89146,FJ5683,3600.0,0.69,196
WALGREENS STORE #03915,89146,FJ8757,1170.0,0.32,35
WALGREENS STORE #03915,89146,FJ9943,900.0,0.2,52
WALGREENS STORE #03915,89146,FK5127,5400.0,1.55,51
WALGREENS STORE #03915,89146,FK9895,300.0,0.09,7
WALGREENS STORE #03915,89146,FL0007,6400.0,0.92,54
WALGREENS STORE #03915,89146,FL3209,4680.0,0.93,166
WALGREENS STORE #03915,89146,FL8094,1100.0,0.26,20
WALGREENS STORE #03915,89146,FL8095,2300.0,0.57,42
WALGREENS STORE #03915,89146,FM0698,3000.0,1.07,76
WALGREENS STORE #04579,89121,30145BA,2340.0,0.88,83
WALGREENS STORE #04579,89121,32030BD,3510.0,0.78,105
WALGREENS STORE #04579,89121,33030BD,2340.0,0.29,69
WALGREENS STORE #04579,89121,33130BA,8190.0,2.25,222
WALGREENS STORE #04579,89121,EL3247,975.0,2.45,90
WALGREENS STORE #04579,89121,EL3302,1950.0,2.51,180
WALGREENS STORE #04579,89121,EL8982,975.0,1.42,77
WALGREENS STORE #04579,89121,EM9810,975.0,1.07,96
WALGREENS STORE #04579,89121,EN6198,1170.0,1.06,45
WALGREENS STORE #04579,89121,EN6199,2340.0,1.77,87
WALGREENS STORE #04579,89121,EN6200,975.0,0.97,41
WALGREENS STORE #04579,89121,EN6201,1950.0,2.08,74
WALGREENS STORE #04579,89121,EN6203,975.0,0.95,44
WALGREENS STORE #04579,89121,EN6204,1170.0,0.94,43
WALGREENS STORE #04579,89121,EN6205,3510.0,2.88,109
WALGREENS STORE #04579,89121,EN6207,1170.0,0.9,35
WALGREENS STORE #04579,89121,EN6208,2340.0,1.86,74
WALGREENS STORE #04579,89121,EP6955,2340.0,1.75,68
WALGREENS STORE #04579,89121,ER8732,4680.0,3.76,147
WALGREENS STORE #04579,89121,ER8735,2340.0,1.56,81
WALGREENS STORE #04579,89121,ER8737,3510.0,2.31,114
WALGREENS STORE #04579,89121,EW0151,2340.0,2.09,90
WALGREENS STORE #04579,89121,EW0153,1170.0,0.79,42
WALGREENS STORE #04579,89121,EW0161,1170.0,0.67,38
WALGREENS STORE #04579,89121,EW0162,2340.0,1.44,76
WALGREENS STORE #04579,89121,EW0168,1170.0,0.51,40
WALGREENS STORE #04579,89121,EW0171,2340.0,1.16,66
WALGREENS STORE #04579,89121,EW0173,2340.0,1.46,75
WALGREENS STORE #04579,89121,EW0177,3510.0,1.68,110
WALGREENS STORE #04579,89121,EW0181,3510.0,1.72,118
WALGREENS STORE #04579,89121,EW0187,3510.0,1.75,115
WALGREENS STORE #04579,89121,EW0191,1170.0,0.53,36
WALGREENS STORE #04579,89121,EW0196,3510.0,1.76,120
WALGREENS STORE #04579,89121,EW0198,2340.0,1.21,99
WALGREENS STORE #04579,89121,EW0217,2340.0,1.45,82
WALGREENS STORE #04579,89121,FA7484,3150.0,1.56,144
WALGREENS STORE #04579,89121,FA7485,3600.0,1.51,120
WALGREENS STORE #04579,89121,FC3180,4950.0,2.14,162
WALGREENS STORE #04579,89121,FC3182,5400.0,1.92,166
WALGREENS STORE #04579,89121,FD0809,900.0,0.39,27
WALGREENS STORE #04579,89121,FD7218,2340.0,0.65,86
WALGREENS STORE #04579,89121,FD8448,5400.0,2.13,195
WALGREENS STORE #04579,89121,FF2588,4680.0,1.72,155
WALGREENS STORE #04579,89121,FF2589,2340.0,1.04,77
WALGREENS STORE #04579,89121,FF2593,2340.0,0.86,70
WALGREENS STORE #04579,89121,FH8020,1170.0,0.71,41
WALGREENS STORE #04579,89121,FH8028,3510.0,1.3,119
WALGREENS STORE #04579,89121,FH8030,2340.0,0.7,78
WALGREENS STORE #04579,89121,FJ4989,2400.0,0.58,111
WALGREENS STORE #04579,89121,FJ5682,3300.0,0.69,172
WALGREENS STORE #04579,89121,FJ8757,2340.0,0.63,69
WALGREENS STORE #04579,89121,FJ9943,1500.0,0.34,86
WALGREENS STORE #04579,89121,FK5127,5100.0,1.47,48
WALGREENS STORE #04579,89121,FK9895,300.0,0.09,7
WALGREENS STORE #04579,89121,FK9896,2400.0,0.53,59
WALGREENS STORE #04579,89121,FL0007,4900.0,0.7,42
WALGREENS STORE #04579,89121,FL3209,5850.0,1.16,208
WALGREENS STORE #04579,89121,FL8094,700.0,0.17,13
WALGREENS STORE #04579,89121,FL8095,2100.0,0.52,38
WALGREENS STORE #04579,89121,FM0698,1200.0,0.43,30
WALGREENS STORE #06425,89106,33030BD,1170.0,0.14,34
WALGREENS STORE #06425,89106,33130BA,8190.0,2.25,222
WALGREENS STORE #06425,89106,EK4176,1950.0,8.23,604
WALGREENS STORE #06425,89106,EL0140,2925.0,6.09,403
WALGREENS STORE #06425,89106,EL3302,4875.0,6.26,450
WALGREENS STORE #06425,89106,EL9262,1950.0,2.74,150
WALGREENS STORE #06425,89106,EL9265,975.0,1.16,101
WALGREENS STORE #06425,89106,EM9810,975.0,1.07,96
WALGREENS STORE #06425,89106,EN6200,975.0,0.97,41
WALGREENS STORE #06425,89106,EN6201,1950.0,2.08,74
WALGREENS STORE #06425,89106,EN6203,975.0,0.95,44
WALGREENS STORE #06425,89106,EW0171,2340.0,1.16,66
WALGREENS STORE #06425,89106,EW0177,2340.0,1.12,73
WALGREENS STORE #06425,89106,EW0187,1170.0,0.58,38
WALGREENS STORE #06425,89106,EW0196,4680.0,2.35,160
WALGREENS STORE #06425,89106,EW0202,1170.0,0.6,180
WALGREENS STORE #06425,89106,EW0217,1170.0,0.72,41
WALGREENS STORE #06425,89106,FA6780,1350.0,0.67,45
WALGREENS STORE #06425,89106,FA7484,450.0,0.22,21
WALGREENS STORE #06425,89106,FA7485,2250.0,0.95,75
WALGREENS STORE #06425,89106,FC3180,1350.0,0.58,44
WALGREENS STORE #06425,89106,FC3181,2250.0,0.93,72
WALGREENS STORE #06425,89106,FC3182,1800.0,0.64,55
WALGREENS STORE #06425,89106,FD0809,1350.0,0.58,40
WALGREENS STORE #06425,89106,FD7218,1170.0,0.32,43
WALGREENS STORE #06425,89106,FE3590,1170.0,0.5,35
WALGREENS STORE #06425,89106,FF2588,3510.0,1.29,116
WALGREENS STORE #06425,89106,FF2589,1170.0,0.52,38
WALGREENS STORE #06425,89106,FF2590,3510.0,1.57,109
WALGREENS STORE #06425,89106,FF2593,1170.0,0.43,35
WALGREENS STORE #06425,89106,FF8839,1170.0,0.53,42
WALGREENS STORE #06425,89106,FG3527,2340.0,0.83,71
WALGREENS STORE #06425,89106,FH8020,1170.0,0.71,41
WALGREENS STORE #06425,89106,FJ4989,3300.0,0.79,152
WALGREENS STORE #06425,89106,FJ4991,600.0,0.28,45
WALGREENS STORE #06425,89106,FJ5682,1800.0,0.38,94
WALGREENS STORE #06425,89106,FJ8762,1170.0,0.35,39
WALGREENS STORE #06425,89106,FJ9943,300.0,0.07,17
WALGREENS STORE #06425,89106,FK5127,3600.0,1.04,34
WALGREENS STORE #06425,89106,FK9895,600.0,0.17,15
WALGREENS STORE #06425,89106,FK9896,1200.0,0.26,30
WALGREENS STORE #06425,89106,FL0007,2300.0,0.33,20
WALGREENS STORE #06425,89106,FL3209,1170.0,0.23,42
WALGREENS STORE #06425,89106,FL8095,2200.0,0.55,40
WALGREENS STORE #06425,89106,FM0698,1200.0,0.43,30
WALMART PHARMACY #1559,89110,30135BA,1170.0,0.28,44
WALMART PHARMACY #1559,89110,33025BD,1170.0,0.2,53
WALMART PHARMACY #1559,89110,33030BD,1170.0,0.14,34
WALMART PHARMACY #1559,89110,FE3594,1170.0,0.42,33
WALMART PHARMACY #1559,89110,FF2589,1170.0,0.52,38
WALMART PHARMACY #1559,89110,FF8839,1170.0,0.53,42
WALMART PHARMACY #1559,89110,FJ6369,300.0,0.1,8
WALMART PHARMACY #1559,89110,FK5618,300.0,0.08,3
WALMART PHARMACY #1559,89110,FK9893,300.0,0.08,8
WALMART PHARMACY #1559,89110,FK9896,300.0,0.07,7
WALMART PHARMACY #1559,89110,FL0007,1300.0,0.19,11
WALMART PHARMACY #1559,89110,FL8095,500.0,0.12,9
WALMART PHARMACY #1559,89110,FM0698,600.0,0.21,15
WALMART PHARMACY #1560,89119,FK5618,300.0,0.08,3
WALMART PHARMACY #1560,89119,FK9893,300.0,0.08,8
WALMART PHARMACY #1560,89119,FK9896,600.0,0.13,15
WALMART PHARMACY #1560,89119,FL0007,1000.0,0.14,8
WALMART PHARMACY #1560,89119,FL8095,300.0,0.07,5
WALMART PHARMACY #1560,89119,FM0698,300.0,0.11,8
WALMART PHARMACY #1584,89103,30145BA,3510.0,1.32,125
WALMART PHARMACY #1584,89103,33025BD,2340.0,0.4,105
WALMART PHARMACY #1584,89103,FC3183,1350.0,0.66,42
WALMART PHARMACY #1584,89103,FC3184,1350.0,0.71,42
WALMART PHARMACY #1584,89103,FD8448,1350.0,0.53,49
WALMART PHARMACY #1584,89103,FE3594,1170.0,0.42,33
WALMART PHARMACY #1584,89103,FF2589,5850.0,2.6,192
WALMART PHARMACY #1584,89103,FJ1611,1170.0,0.3,42
WALMART PHARMACY #1584,89103,FJ8757,1170.0,0.32,35
WALMART PHARMACY #1584,89103,FK5618,300.0,0.08,3
WALMART PHARMACY #1584,89103,FK9893,300.0,0.08,8
WALMART PHARMACY #1584,89103,FK9896,600.0,0.13,15
WALMART PHARMACY #1584,89103,FL0007,1400.0,0.2,12
WALMART PHARMACY #1584,89103,FL3198,1170.0,0.28,38
WALMART PHARMACY #1584,89103,FL8095,200.0,0.05,4
WALMART PHARMACY #1838,89108,FJ6369,300.0,0.1,8
WALMART PHARMACY #1838,89108,FK5127,300.0,0.09,3
WALMART PHARMACY #1838,89108,FK9896,300.0,0.07,7
WALMART PHARMACY #1838,89108,FL0007,600.0,0.09,5
WALMART PHARMACY #1838,89108,FL8095,300.0,0.07,5
WALMART PHARMACY #1838,89108,FM9992,600.0,0.19,21
WALMART PHARMACY #2483,89178,FK5127,300.0,0.09,3
WALMART PHARMACY #2483,89178,FK9893,300.0,0.08,8
WALMART PHARMACY #2483,89178,FK9896,600.0,0.13,15
WALMART PHARMACY #2483,89178,FL0007,1100.0,0.16,9
WALMART PHARMACY #2483,89178,FL8094,100.0,0.02,2
WALMART PHARMACY #2483,89178,FL8095,500.0,0.12,9
WALMART PHARMACY #2483,89178,FM9992,300.0,0.1,10
WALMART PHARMACY #2593,89123,30145BA,2340.0,0.88,83
WALMART PHARMACY #2593,89123,FC3183,900.0,0.44,28
WALMART PHARMACY #2593,89123,FC3184,900.0,0.47,28
WALMART PHARMACY #2593,89123,FD8448,900.0,0.35,32
WALMART PHARMACY #2593,89123,FE3594,1170.0,0.42,33
WALMART PHARMACY #2593,89123,FF2589,1170.0,0.52,38
WALMART PHARMACY #2593,89123,FF8839,2340.0,1.05,84
WALMART PHARMACY #2593,89123,FJ1620,1170.0,0.33,36
WALMART PHARMACY #2593,89123,FJ6369,300.0,0.1,8
WALMART PHARMACY #2593,89123,FK5127,300.0,0.09,3
WALMART PHARMACY #2593,89123,FK9896,300.0,0.07,7
WALMART PHARMACY #2593,89123,FL0007,1000.0,0.14,8
WALMART PHARMACY #2593,89123,FL8095,300.0,0.07,5
WALMART PHARMACY #2593,89123,FM9992,300.0,0.1,10
WALMART PHARMACY #2884,89149,FK9896,600.0,0.13,15
WALMART PHARMACY #2884,89149,FL0007,300.0,0.04,3
WALMART PHARMACY #2884,89149,FL8095,100.0,0.02,2
WALMART PHARMACY #3350,89122,FK5127,300.0,0.09,3
WALMART PHARMACY #3350,89122,FK9896,600.0,0.13,15
WALMART PHARMACY #3350,89122,FL0007,800.0,0.11,7
WALMART PHARMACY #3350,89122,FL8095,300.0,0.07,5
WALMART PHARMACY #3350,89122,FM0698,300.0,0.11,8
WALMART PHARMACY #3350,89122,FM9992,300.0,0.1,10
WALMART PHARMACY #3351,89131,FK5127,300.0,0.09,3
WALMART PHARMACY #3351,89131,FK9896,600.0,0.13,15
WALMART PHARMACY #3351,89131,FL0007,600.0,0.09,5
WALMART PHARMACY #3351,89131,FL8095,200.0,0.05,4
WALMART PHARMACY #3351,89131,FM0698,300.0,0.11,8
WALMART PHARMACY #3351,89131,FM9992,300.0,0.1,10
WALMART PHARMACY #3355,89104,30130BA,1170.0,0.17,42
WALMART PHARMACY #3355,89104,30145BA,3510.0,1.32,125
WALMART PHARMACY #3355,89104,EN6199,1170.0,0.88,43
WALMART PHARMACY #3355,89104,EN6205,1170.0,0.96,36
WALMART PHARMACY #3355,89104,EP6955,2340.0,1.75,68
WALMART PHARMACY #3355,89104,EP7534,2340.0,1.68,80
WALMART PHARMACY #3355,89104,ER8729,1170.0,0.85,36
WALMART PHARMACY #3355,89104,ER8730,2340.0,1.63,81
WALMART PHARMACY #3355,89104,ER8734,2340.0,1.59,78
WALMART PHARMACY #3355,89104,ER8735,1170.0,0.78,41
WALMART PHARMACY #3355,89104,ER8736,2340.0,1.25,75
WALMART PHARMACY #3355,89104,EW0151,2340.0,2.09,90
WALMART PHARMACY #3355,89104,EW0168,1170.0,0.51,40
WALMART PHARMACY #3355,89104,EW0173,2340.0,1.46,75
WALMART PHARMACY #3355,89104,EW0178,1170.0,0.55,41
WALMART PHARMACY #3355,89104,EW0180,1170.0,0.56,38
WALMART PHARMACY #3355,89104,EW0182,2340.0,1.15,81
WALMART PHARMACY #3355,89104,EW0217,1170.0,0.72,41
WALMART PHARMACY #3355,89104,FA6780,9450.0,4.66,312
WALMART PHARMACY #3355,89104,FA7485,900.0,0.38,30
WALMART PHARMACY #3355,89104,FC3183,2700.0,1.32,85
WALMART PHARMACY #3355,89104,FC3184,2700.0,1.42,84
WALMART PHARMACY #3355,89104,FD8448,900.0,0.35,32
WALMART PHARMACY #3355,89104,FE3594,2340.0,0.84,66
WALMART PHARMACY #3355,89104,FF2589,2340.0,1.04,77
WALMART PHARMACY #3355,89104,FJ1611,1170.0,0.3,42
WALMART PHARMACY #3355,89104,FK9895,300.0,0.09,7
WALMART PHARMACY #3355,89104,FK9896,300.0,0.07,7
WALMART PHARMACY #3355,89104,FL0007,300.0,0.04,3
WALMART PHARMACY #3355,89104,FL3198,1170.0,0.28,38
WALMART PHARMACY #3355,89104,FL8095,300.0,0.07,5
WALMART PHARMACY #3355,89104,FM0698,300.0,0.11,8
WALMART PHARMACY #3356,89123,FC3184,450.0,0.24,14
WALMART PHARMACY #3356,89123,FK9896,300.0,0.07,7
WALMART PHARMACY #3356,89123,FL0007,300.0,0.04,3
WALMART PHARMACY #3356,89123,FL8095,100.0,0.02,2
WALMART PHARMACY #3356,89123,FM9992,300.0,0.1,10
WALMART PHARMACY #3473,89102,FK5127,300.0,0.09,3
WALMART PHARMACY #3473,89102,FK9896,600.0,0.13,15
WALMART PHARMACY #3473,89102,FL0007,600.0,0.09,5
WALMART PHARMACY #3473,89102,FL8094,100.0,0.02,2
WALMART PHARMACY #3473,89102,FL8095,300.0,0.07,5
WALMART PHARMACY #3473,89102,FM0698,600.0,0.21,15
WALMART PHARMACY #3473,89102,FM9992,600.0,0.19,21
WALMART PHARMACY #3655,89129,FK5618,300.0,0.08,3
WALMART PHARMACY #3655,89129,FK9729,300.0,0.1,8
WALMART PHARMACY #3655,89129,FK9896,300.0,0.07,7
WALMART PHARMACY #3655,89129,FL0007,800.0,0.11,7
WALMART PHARMACY #3655,89129,FL8095,100.0,0.02,2
WALMART PHARMACY #3655,89129,FM9992,300.0,0.1,10
WALMART PHARMACY #3788,89146,FK9893,300.0,0.08,8
WALMART PHARMACY #3788,89146,FK9896,300.0,0.07,7
WALMART PHARMACY #3788,89146,FL0007,300.0,0.04,3
WALMART PHARMACY #4356,89113,FK9893,600.0,0.16,15
WALMART PHARMACY #4356,89113,FK9896,600.0,0.13,15
WALMART PHARMACY #4356,89113,FL0007,300.0,0.04,3
WALMART PHARMACY #4356,89113,FL8094,100.0,0.02,2
WALMART PHARMACY #4356,89113,FL8095,200.0,0.05,4
WALMART PHARMACY #4356,89113,FM0698,300.0,0.11,8
WALMART PHARMACY #4557,89121,FK9893,600.0,0.16,15
WALMART PHARMACY #4557,89121,FK9896,600.0,0.13,15
WALMART PHARMACY #4557,89121,FL0007,800.0,0.11,7
WALMART PHARMACY #4557,89121,FL8095,400.0,0.1,7
WALMART PHARMACY #4557,89121,FM0698,600.0,0.21,15
WALMART PHARMACY #5070,89148,FJ6369,300.0,0.1,8
WALMART PHARMACY #5070,89148,FK9893,300.0,0.08,8
WALMART PHARMACY #5070,89148,FK9896,300.0,0.07,7
WALMART PHARMACY #5070,89148,FL0007,500.0,0.07,4
WALMART PHARMACY #5070,89148,FL8095,200.0,0.05,4
WALMART PHARMACY #5070,89148,FM0698,300.0,0.11,8
WALMART PHARMACY #5258,89130,FC3184,450.0,0.24,14
WALMART PHARMACY #5258,89130,FK9893,300.0,0.08,8
WALMART PHARMACY #5258,89130,FK9896,300.0,0.07,7
WALMART PHARMACY #5258,89130,FL0007,300.0,0.04,3
WALMART PHARMACY #5258,89130,FL8095,100.0,0.02,2
WALMART PHARMACY #5259,89108,FC3184,450.0,0.24,14
WALMART PHARMACY #5259,89108,FK9895,300.0,0.09,7
WALMART PHARMACY #5259,89108,FK9896,300.0,0.07,7
WALMART PHARMACY #5259,89108,FL0007,600.0,0.09,5
WALMART PHARMACY #5259,89108,FL8094,100.0,0.02,2
WALMART PHARMACY #5259,89108,FL8095,300.0,0.07,5
WALMART PHARMACY #5269,89183,FK9893,600.0,0.16,15
WALMART PHARMACY #5269,89183,FK9896,300.0,0.07,7
WALMART PHARMACY #5269,89183,FL0007,300.0,0.04,3
WALMART PHARMACY #5269,89183,FL8094,100.0,0.02,2
WALMART PHARMACY #5269,89183,FL8095,200.0,0.05,4
WALMART PHARMACY #5269,89183,FM0698,300.0,0.11,8
WALMART PHARMACY #5423,89156,FC3184,450.0,0.24,14
WALMART PHARMACY #5423,89156,FK9729,300.0,0.1,8
WALMART PHARMACY #5423,89156,FK9893,300.0,0.08,8
WALMART PHARMACY #5423,89156,FK9896,300.0,0.07,7
WALMART PHARMACY #5423,89156,FL0007,500.0,0.07,4
WALMART PHARMACY #5423,89156,FL8095,300.0,0.07,5
WALMART PHARMACY #5423,89156,FM0698,300.0,0.11,8
WEE CARE PEDIATRICS,89147,FL8094,300.0,0.07,6
WEE CARE PEDIATRICS - CHARLESTON,89104,FL8094,100.0,0.02,2
WEE CARE PEDIATRICS - CHARLESTON,89104,FL8095,100.0,0.02,2
